Field ID,Date_collected,Site,State,Quadrat,Count,Length_live,Length_box,Length_gaper,,,,,,
1023ASHC,10-3-23,ASHC,CT,1,1,126.88,106.67,,,,,,,
1023ASHC,10-3-23,ASHC,CT,1,2,37.81,167.53,,,,,,,
1023ASHC,10-3-23,ASHC,CT,1,3,27.95,105.19,,,,,,,
1023ASHC,10-3-23,ASHC,CT,1,4,16.64,27.11,,,,,,,
1023ASHC,10-3-23,ASHC,CT,1,5,23.29,151.52,,,,,,,
1023ASHC,10-3-23,ASHC,CT,1,6,31.3,142.13,,,,,,,
1023ASHC,10-3-23,ASHC,CT,1,7,63.89,87.75,,,,,,,
1023ASHC,10-3-23,ASHC,CT,1,8,27.5,25.84,,,,,,,
1023ASHC,10-3-23,ASHC,CT,1,9,59.36,124.9,,,,,,,
1023ASHC,10-3-23,ASHC,CT,1,10,16.18,105.16,,,,,,,
1023ASHC,10-3-23,ASHC,CT,1,11,108.67,122.37,,,,,,,
1023ASHC,10-3-23,ASHC,CT,1,12,176.72,87.19,,,,,,,
1023ASHC,10-3-23,ASHC,CT,1,13,14.76,30.09,,,,,,,
1023ASHC,10-3-23,ASHC,CT,1,14,11.79,28.05,,,,,,,
1023ASHC,10-3-23,ASHC,CT,1,15,37.24,110.97,,,,,,,
1023ASHC,10-3-23,ASHC,CT,1,16,97.13,150.08,,,,,,,
1023ASHC,10-3-23,ASHC,CT,1,17,63.07,124.35,,,,,,,
1023ASHC,10-3-23,ASHC,CT,1,18,34,91.34,,,,,,,
1023ASHC,10-3-23,ASHC,CT,1,19,32.99,116.93,,,,,,,
1023ASHC,10-3-23,ASHC,CT,1,20,34.14,124.25,,,,,,,
1023ASHC,10-3-23,ASHC,CT,1,21,78,113.21,,,,,,,
1023ASHC,10-3-23,ASHC,CT,1,22,72.04,129.37,,,,,,,
1023ASHC,10-3-23,ASHC,CT,1,23,40.4,95.3,,,,,,,
1023ASHC,10-3-23,ASHC,CT,1,24,62.48,,,,,,,,
1023ASHC,10-3-23,ASHC,CT,1,25,41.36,,,,,,,,
1023ASHC,10-3-23,ASHC,CT,1,26,78.73,,,,,,,,
1023ASHC,10-3-23,ASHC,CT,1,27,90.53,,,,,,,,
1023ASHC,10-3-23,ASHC,CT,1,28,120.93,,,,,,,,
1023ASHC,10-3-23,ASHC,CT,1,29,100.64,,,,,,,,
1023ASHC,10-3-23,ASHC,CT,1,30,85.8,,,,,,,,
1023ASHC,10-3-23,ASHC,CT,1,31,110.02,,,,,,,,
1023ASHC,10-3-23,ASHC,CT,1,32,72.93,,,,,,,,
1023ASHC,10-3-23,ASHC,CT,1,33,94.32,,,,,,,,
1023ASHC,10-3-23,ASHC,CT,1,34,55.71,,,,,,,,
1023ASHC,10-3-23,ASHC,CT,1,35,55.23,,,,,,,,
1023ASHC,10-3-23,ASHC,CT,1,36,53.13,,,,,,,,
1023ASHC,10-3-23,ASHC,CT,1,37,110.63,,,,,,,,
1023ASHC,10-3-23,ASHC,CT,1,38,67.86,,,,,,,,
1023ASHC,10-3-23,ASHC,CT,1,39,161.31,,,,,,,,
1023ASHC,10-3-23,ASHC,CT,1,40,63.85,,,,,,,,
1023ASHC,10-3-23,ASHC,CT,1,41,73.29,,,,,,,,
1023ASHC,10-3-23,ASHC,CT,1,42,153.97,,,,,,,,
1023ASHC,10-3-23,ASHC,CT,1,43,24.39,,,,,,,,
1023ASHC,10-3-23,ASHC,CT,1,44,161.63,,,,,,,,
1023ASHC,10-3-23,ASHC,CT,1,45,114.7,,,,,,,,
1023ASHC,10-3-23,ASHC,CT,1,46,39.11,,,,,,,,
1023ASHC,10-3-23,ASHC,CT,1,47,117.93,,,,,,,,
1023ASHC,10-3-23,ASHC,CT,1,48,59.37,,,,,,,,
1023ASHC,10-3-23,ASHC,CT,1,49,61.06,,,,,,,,
1023ASHC,10-3-23,ASHC,CT,1,50,181.46,,,,,,,,
1023ASHC,10-3-23,ASHC,CT,1,51,112.96,,,,,,,,
1023ASHC,10-3-23,ASHC,CT,1,52,39.08,,,,,,,,
1023ASHC,10-3-23,ASHC,CT,1,53,112.48,,,,,,,,
1023ASHC,10-3-23,ASHC,CT,1,54,57.32,,,,,,,,
1023ASHC,10-3-23,ASHC,CT,1,55,59.74,,,,,,,,
1023ASHC,10-3-23,ASHC,CT,1,56,58.92,,,,,,,,
1023ASHC,10-3-23,ASHC,CT,1,57,115.28,,,,,,,,
1023ASHC,10-3-23,ASHC,CT,1,58,126.56,,,,,,,,
1023ASHC,10-3-23,ASHC,CT,1,59,59.61,,,,,,,,
1023ASHC,10-3-23,ASHC,CT,1,60,44.82,,,,,,,,
1023ASHC,10-3-23,ASHC,CT,1,61,40.21,,,,,,,,
1023ASHC,10-3-23,ASHC,CT,1,62,92.66,,,,,,,,
1023ASHC,10-3-23,ASHC,CT,1,63,98.63,,,,,,,,
1023ASHC,10-3-23,ASHC,CT,1,64,111.11,,,,,,,,
1023ASHC,10-3-23,ASHC,CT,1,65,87.19,,,,,,,,
1023ASHC,10-3-23,ASHC,CT,1,66,59.49,,,,,,,,
1023ASHC,10-3-23,ASHC,CT,1,67,133.06,,,,,,,,
1023ASHC,10-3-23,ASHC,CT,1,68,88.79,,,,,,,,
1023ASHC,10-3-23,ASHC,CT,1,69,96.51,,,,,,,,
1023ASHC,10-3-23,ASHC,CT,1,70,74.09,,,,,,,,
1023ASHC,10-3-23,ASHC,CT,1,71,52.65,,,,,,,,
1023ASHC,10-3-23,ASHC,CT,1,72,120.12,,,,,,,,
1023ASHC,10-3-23,ASHC,CT,1,73,87.09,,,,,,,,
1023ASHC,10-3-23,ASHC,CT,1,74,51.99,,,,,,,,
1023ASHC,10-3-23,ASHC,CT,1,75,99.85,,,,,,,,
1023ASHC,10-3-23,ASHC,CT,1,76,45.97,,,,,,,,
1023ASHC,10-3-23,ASHC,CT,1,77,66.45,,,,,,,,
1023ASHC,10-3-23,ASHC,CT,1,78,32.27,,,,,,,,
1023ASHC,10-3-23,ASHC,CT,1,79,84.31,,,,,,,,
1023ASHC,10-3-23,ASHC,CT,1,80,53.83,,,,,,,,
1023ASHC,10-3-23,ASHC,CT,1,81,54.15,,,,,,,,
1023ASHC,10-3-23,ASHC,CT,1,82,117.41,,,,,,,,
1023ASHC,10-3-23,ASHC,CT,1,83,,,,,,,,,
1023ASHC,10-3-23,ASHC,CT,1,84,,,,,,,,,
1023ASHC,10-3-23,ASHC,CT,1,85,,,,,,,,,
1023ASHC,10-3-23,ASHC,CT,1,86,,,,,,,,,
1023ASHC,10-3-23,ASHC,CT,1,87,,,,,,,,,
1023ASHC,10-3-23,ASHC,CT,1,88,,,,,,,,,
1023ASHC,10-3-23,ASHC,CT,1,89,,,,,,,,,
1023ASHC,10-3-23,ASHC,CT,1,90,,,,,,,,,
1023ASHC,10-3-23,ASHC,CT,1,91,,,,,,,,,
1023ASHC,10-3-23,ASHC,CT,1,92,,,,,,,,,
1023ASHC,10-3-23,ASHC,CT,1,93,,,,,,,,,
1023ASHC,10-3-23,ASHC,CT,1,94,,,,,,,,,
1023ASHC,10-3-23,ASHC,CT,1,95,,,,,,,,,
1023ASHC,10-3-23,ASHC,CT,1,96,,,,,,,,,
1023ASHC,10-3-23,ASHC,CT,1,97,,,,,,,,,
1023ASHC,10-3-23,ASHC,CT,1,98,,,,,,,,,
1023ASHC,10-3-23,ASHC,CT,1,99,,,,,,,,,
1023ASHC,10-3-23,ASHC,CT,1,100,,,,,,,,,
1023ASHC,10-3-23,ASHC,CT,2,1,87.87,,,,,,,,
1023ASHC,10-3-23,ASHC,CT,2,2,96.93,,,,,,,,
1023ASHC,10-3-23,ASHC,CT,2,3,17.62,,,,,,,,
1023ASHC,10-3-23,ASHC,CT,2,4,119.9,,,,,,,,
1023ASHC,10-3-23,ASHC,CT,2,5,19.99,,,,,,,,
1023ASHC,10-3-23,ASHC,CT,2,6,22.91,,,,,,,,
1023ASHC,10-3-23,ASHC,CT,2,7,101.58,,,,,,,,
1023ASHC,10-3-23,ASHC,CT,2,8,14.6,,,,,,,,
1023ASHC,10-3-23,ASHC,CT,2,9,125.91,,,,,,,,
1023ASHC,10-3-23,ASHC,CT,2,10,123.05,,,,,,,,
1023ASHC,10-3-23,ASHC,CT,2,11,12.27,,,,,,,,
1023ASHC,10-3-23,ASHC,CT,2,12,139.46,,,,,,,,
1023ASHC,10-3-23,ASHC,CT,2,13,91.61,,,,,,,,
1023ASHC,10-3-23,ASHC,CT,2,14,24.98,,,,,,,,
1023ASHC,10-3-23,ASHC,CT,2,15,97.96,,,,,,,,
1023ASHC,10-3-23,ASHC,CT,2,16,,65.68,,,,,,,
1023ASHC,10-3-23,ASHC,CT,2,17,24.38,,,,,,,,
1023ASHC,10-3-23,ASHC,CT,2,18,78.62,,,,,,,,
1023ASHC,10-3-23,ASHC,CT,2,19,15.25,,,,,,,,
1023ASHC,10-3-23,ASHC,CT,2,20,12.78,,,,,,,,
1023ASHC,10-3-23,ASHC,CT,2,21,147.23,,,,,,,,
1023ASHC,10-3-23,ASHC,CT,2,22,55.74,,,,,,,,
1023ASHC,10-3-23,ASHC,CT,2,23,71.95,,,,,,,,
1023ASHC,10-3-23,ASHC,CT,2,24,82.13,,,,,,,,
1023ASHC,10-3-23,ASHC,CT,2,25,,23.91,,,,,,,
1023ASHC,10-3-23,ASHC,CT,2,26,93.21,,,,,,,,
1023ASHC,10-3-23,ASHC,CT,2,27,,63.07,,,,,,,
1023ASHC,10-3-23,ASHC,CT,2,28,63.87,,,,,,,,
1023ASHC,10-3-23,ASHC,CT,2,29,105.5,,,,,,,,
1023ASHC,10-3-23,ASHC,CT,2,30,157.4,,,,,,,,
1023ASHC,10-3-23,ASHC,CT,2,31,,37.54,,,,,,,
1023ASHC,10-3-23,ASHC,CT,2,32,83.47,,,,,,,,
1023ASHC,10-3-23,ASHC,CT,2,33,32.2,,,,,,,,
1023ASHC,10-3-23,ASHC,CT,2,34,114.54,,,,,,,,
1023ASHC,10-3-23,ASHC,CT,2,35,,37.23,,,,,,,
1023ASHC,10-3-23,ASHC,CT,2,36,58.3,,,,,,,,
1023ASHC,10-3-23,ASHC,CT,2,37,96.78,,,,,,,,
1023ASHC,10-3-23,ASHC,CT,2,38,53.92,,,,,,,,
1023ASHC,10-3-23,ASHC,CT,2,39,,50.99,,,,,,,
1023ASHC,10-3-23,ASHC,CT,2,40,47.55,,,,,,,,
1023ASHC,10-3-23,ASHC,CT,2,41,23.76,,,,,,,,
1023ASHC,10-3-23,ASHC,CT,2,42,109.05,,,,,,,,
1023ASHC,10-3-23,ASHC,CT,2,43,95.32,,,,,,,,
1023ASHC,10-3-23,ASHC,CT,2,44,115.73,,,,,,,,
1023ASHC,10-3-23,ASHC,CT,2,45,76.09,,,,,,,,
1023ASHC,10-3-23,ASHC,CT,2,46,129.45,,,,,,,,
1023ASHC,10-3-23,ASHC,CT,2,47,79.48,,,,,,,,
1023ASHC,10-3-23,ASHC,CT,2,48,46.18,,,,,,,,
1023ASHC,10-3-23,ASHC,CT,2,49,134.19,,,,,,,,
1023ASHC,10-3-23,ASHC,CT,2,50,24.97,,,,,,,,
1023ASHC,10-3-23,ASHC,CT,2,51,178.86,,,,,,,,
1023ASHC,10-3-23,ASHC,CT,2,52,52.64,,,,,,,,
1023ASHC,10-3-23,ASHC,CT,2,53,,60.16,,,,,,,
1023ASHC,10-3-23,ASHC,CT,2,54,,136.36,,,,,,,
1023ASHC,10-3-23,ASHC,CT,2,55,,140.33,,,,,,,
1023ASHC,10-3-23,ASHC,CT,2,56,,150.94,,,,,,,
1023ASHC,10-3-23,ASHC,CT,2,57,,60.11,,,,,,,
1023ASHC,10-3-23,ASHC,CT,2,58,18.36,,,,,,,,
1023ASHC,10-3-23,ASHC,CT,2,59,17.23,,,,,,,,
1023ASHC,10-3-23,ASHC,CT,2,60,43.57,,,,,,,,
1023ASHC,10-3-23,ASHC,CT,2,61,39.3,,,,,,,,
1023ASHC,10-3-23,ASHC,CT,2,62,55.71,,,,,,,,
1023ASHC,10-3-23,ASHC,CT,2,63,101.11,,,,,,,,
1023ASHC,10-3-23,ASHC,CT,2,64,128.99,,,,,,,,
1023ASHC,10-3-23,ASHC,CT,2,65,,85.63,,,,,,,
1023ASHC,10-3-23,ASHC,CT,2,66,,102.21,,,,,,,
1023ASHC,10-3-23,ASHC,CT,2,67,,80.04,,,,,,,
1023ASHC,10-3-23,ASHC,CT,2,68,,111.2,,,,,,,
1023ASHC,10-3-23,ASHC,CT,2,69,70.8,,,,,,,,
1023ASHC,10-3-23,ASHC,CT,2,70,36.84,,,,,,,,
1023ASHC,10-3-23,ASHC,CT,2,71,,42.53,,,,,,,
1023ASHC,10-3-23,ASHC,CT,2,72,,96.11,,,,,,,
1023ASHC,10-3-23,ASHC,CT,2,73,30.91,,,,,,,,
1023ASHC,10-3-23,ASHC,CT,2,74,24.06,,,,,,,,
1023ASHC,10-3-23,ASHC,CT,2,75,66.46,,,,,,,,
1023ASHC,10-3-23,ASHC,CT,2,76,102.08,,,,,,,,
1023ASHC,10-3-23,ASHC,CT,2,77,112.09,,,,,,,,
1023ASHC,10-3-23,ASHC,CT,2,78,,59.01,,,,,,,
1023ASHC,10-3-23,ASHC,CT,2,79,110.4,,,,,,,,
1023ASHC,10-3-23,ASHC,CT,2,80,,90.22,,,,,,,
1023ASHC,10-3-23,ASHC,CT,2,81,148.23,,,,,,,,
1023ASHC,10-3-23,ASHC,CT,2,82,27.15,,,,,,,,
1023ASHC,10-3-23,ASHC,CT,2,83,,119.44,,,,,,,
1023ASHC,10-3-23,ASHC,CT,2,84,180.24,,,,,,,,
1023ASHC,10-3-23,ASHC,CT,2,85,,77.95,,,,,,,
1023ASHC,10-3-23,ASHC,CT,2,86,71.18,,,,,,,,
1023ASHC,10-3-23,ASHC,CT,2,87,83.3,,,,,,,,
1023ASHC,10-3-23,ASHC,CT,2,88,,26.1,,,,,,,
1023ASHC,10-3-23,ASHC,CT,2,89,135.98,,,,,,,,
1023ASHC,10-3-23,ASHC,CT,2,90,78.97,,,,,,,,
1023ASHC,10-3-23,ASHC,CT,2,91,154.88,,,,,,,,
1023ASHC,10-3-23,ASHC,CT,2,92,138.39,,,,,,,,
1023ASHC,10-3-23,ASHC,CT,2,93,16.17,,,,,,,,
1023ASHC,10-3-23,ASHC,CT,2,94,23.68,,,,,,,,
1023ASHC,10-3-23,ASHC,CT,2,95,23,,,,,,,,
1023ASHC,10-3-23,ASHC,CT,2,96,110.84,,,,,,,,
1023ASHC,10-3-23,ASHC,CT,2,97,19.06,,,,,,,,
1023ASHC,10-3-23,ASHC,CT,2,98,15.27,,,,,,,,
1023ASHC,10-3-23,ASHC,CT,2,99,19.95,,,,,,,,
1023ASHC,10-3-23,ASHC,CT,2,100,107.47,,,,,,,,
1023ASHC,10-3-23,ASHC,CT,3,1,,110.5,,,,,,,
1023ASHC,10-3-23,ASHC,CT,3,2,,125.4,,,,,,,
1023ASHC,10-3-23,ASHC,CT,3,3,40.87,,,,,,,,
1023ASHC,10-3-23,ASHC,CT,3,4,53.14,,,,,,,,
1023ASHC,10-3-23,ASHC,CT,3,5,47.08,,,,,,,,
1023ASHC,10-3-23,ASHC,CT,3,6,51.5,,,,,,,,
1023ASHC,10-3-23,ASHC,CT,3,7,114.08,,,,,,,,
1023ASHC,10-3-23,ASHC,CT,3,8,13.2,,,,,,,,
1023ASHC,10-3-23,ASHC,CT,3,9,19.15,,,,,,,,
1023ASHC,10-3-23,ASHC,CT,3,10,,65.37,,,,,,,
1023ASHC,10-3-23,ASHC,CT,3,11,,70.39,,,,,,,
1023ASHC,10-3-23,ASHC,CT,3,12,16.64,,,,,,,,
1023ASHC,10-3-23,ASHC,CT,3,13,20.7,,,,,,,,
1023ASHC,10-3-23,ASHC,CT,3,14,153.86,,,,,,,,
1023ASHC,10-3-23,ASHC,CT,3,15,86.69,,,,,,,,
1023ASHC,10-3-23,ASHC,CT,3,16,54.76,,,,,,,,
1023ASHC,10-3-23,ASHC,CT,3,17,25.31,,,,,,,,
1023ASHC,10-3-23,ASHC,CT,3,18,39.11,,,,,,,,
1023ASHC,10-3-23,ASHC,CT,3,19,25.38,,,,,,,,
1023ASHC,10-3-23,ASHC,CT,3,20,68.42,,,,,,,,
1023ASHC,10-3-23,ASHC,CT,3,21,52.15,,,,,,,,
1023ASHC,10-3-23,ASHC,CT,3,22,95.71,,,,,,,,
1023ASHC,10-3-23,ASHC,CT,3,23,,22.03,,,,,,,
1023ASHC,10-3-23,ASHC,CT,3,24,21.31,,,,,,,,
1023ASHC,10-3-23,ASHC,CT,3,25,95.16,,,,,,,,
1023ASHC,10-3-23,ASHC,CT,3,26,66.08,,,,,,,,
1023ASHC,10-3-23,ASHC,CT,3,27,118.45,,,,,,,,
1023ASHC,10-3-23,ASHC,CT,3,28,61.28,,,,,,,,
1023ASHC,10-3-23,ASHC,CT,3,29,63.89,,,,,,,,
1023ASHC,10-3-23,ASHC,CT,3,30,24.14,,,,,,,,
1023ASHC,10-3-23,ASHC,CT,3,31,,63.17,,,,,,,
1023ASHC,10-3-23,ASHC,CT,3,32,,113.75,,,,,,,
1023ASHC,10-3-23,ASHC,CT,3,33,57.41,,,,,,,,
1023ASHC,10-3-23,ASHC,CT,3,34,65.4,,,,,,,,
1023ASHC,10-3-23,ASHC,CT,3,35,60.76,,,,,,,,
1023ASHC,10-3-23,ASHC,CT,3,36,21.46,,,,,,,,
1023ASHC,10-3-23,ASHC,CT,3,37,87.96,,,,,,,,
1023ASHC,10-3-23,ASHC,CT,3,38,16.19,,,,,,,,
1023ASHC,10-3-23,ASHC,CT,3,39,,23.33,,,,,,,
1023ASHC,10-3-23,ASHC,CT,3,40,,16.23,,,,,,,
1023ASHC,10-3-23,ASHC,CT,3,41,,99.53,,,,,,,
1023ASHC,10-3-23,ASHC,CT,3,42,,35.04,,,,,,,
1023ASHC,10-3-23,ASHC,CT,3,43,11.95,,,,,,,,
1023ASHC,10-3-23,ASHC,CT,3,44,12.6,,,,,,,,
1023ASHC,10-3-23,ASHC,CT,3,45,16.77,,,,,,,,
1023ASHC,10-3-23,ASHC,CT,3,46,66.17,,,,,,,,
1023ASHC,10-3-23,ASHC,CT,3,47,85.56,,,,,,,,
1023ASHC,10-3-23,ASHC,CT,3,48,98.65,,,,,,,,
1023ASHC,10-3-23,ASHC,CT,3,49,,64.84,,,,,,,
1023ASHC,10-3-23,ASHC,CT,3,50,94.84,,,,,,,,
1023ASHC,10-3-23,ASHC,CT,3,51,19.3,,,,,,,,
1023ASHC,10-3-23,ASHC,CT,3,52,70.92,,,,,,,,
1023ASHC,10-3-23,ASHC,CT,3,53,41.77,,,,,,,,
1023ASHC,10-3-23,ASHC,CT,3,54,31.55,,,,,,,,
1023ASHC,10-3-23,ASHC,CT,3,55,16.38,,,,,,,,
1023ASHC,10-3-23,ASHC,CT,3,56,,80.23,,,,,,,
1023ASHC,10-3-23,ASHC,CT,3,57,174.4,,,,,,,,
1023ASHC,10-3-23,ASHC,CT,3,58,97.68,,,,,,,,
1023ASHC,10-3-23,ASHC,CT,3,59,,111.15,,,,,,,
1023ASHC,10-3-23,ASHC,CT,3,60,,25.61,,,,,,,
1023ASHC,10-3-23,ASHC,CT,3,61,20.64,,,,,,,,
1023ASHC,10-3-23,ASHC,CT,3,62,21.63,,,,,,,,
1023ASHC,10-3-23,ASHC,CT,3,63,110.38,,,,,,,,
1023ASHC,10-3-23,ASHC,CT,3,64,70.59,,,,,,,,
1023ASHC,10-3-23,ASHC,CT,3,65,30.42,,,,,,,,
1023ASHC,10-3-23,ASHC,CT,3,66,26.95,,,,,,,,
1023ASHC,10-3-23,ASHC,CT,3,67,21.71,,,,,,,,
1023ASHC,10-3-23,ASHC,CT,3,68,79.15,,,,,,,,
1023ASHC,10-3-23,ASHC,CT,3,69,,100.67,,,,,,,
1023ASHC,10-3-23,ASHC,CT,3,70,,88.84,,,,,,,
1023ASHC,10-3-23,ASHC,CT,3,71,,19.78,,,,,,,
1023ASHC,10-3-23,ASHC,CT,3,72,105.3,,,,,,,,
1023ASHC,10-3-23,ASHC,CT,3,73,29.1,,,,,,,,
1023ASHC,10-3-23,ASHC,CT,3,74,,110.96,,,,,,,
1023ASHC,10-3-23,ASHC,CT,3,75,20.82,,,,,,,,
1023ASHC,10-3-23,ASHC,CT,3,76,10.71,,,,,,,,
1023ASHC,10-3-23,ASHC,CT,3,77,32.81,,,,,,,,
1023ASHC,10-3-23,ASHC,CT,3,78,16.24,,,,,,,,
1023ASHC,10-3-23,ASHC,CT,3,79,53.56,,,,,,,,
1023ASHC,10-3-23,ASHC,CT,3,80,,115.16,,,,,,,
1023ASHC,10-3-23,ASHC,CT,3,81,,117.7,,,,,,,
1023ASHC,10-3-23,ASHC,CT,3,82,72.42,,,,,,,,
1023ASHC,10-3-23,ASHC,CT,3,83,62.83,,,,,,,,
1023ASHC,10-3-23,ASHC,CT,3,84,89.05,,,,,,,,
1023ASHC,10-3-23,ASHC,CT,3,85,14.64,,,,,,,,
1023ASHC,10-3-23,ASHC,CT,3,86,67.92,,,,,,,,
1023ASHC,10-3-23,ASHC,CT,3,87,112.91,,,,,,,,
1023ASHC,10-3-23,ASHC,CT,3,88,31.52,,,,,,,,
1023ASHC,10-3-23,ASHC,CT,3,89,28.65,,,,,,,,
1023ASHC,10-3-23,ASHC,CT,3,90,59.61,,,,,,,,
1023ASHC,10-3-23,ASHC,CT,3,91,55.42,,,,,,,,
1023ASHC,10-3-23,ASHC,CT,3,92,39.03,,,,,,,,
1023ASHC,10-3-23,ASHC,CT,3,93,45.76,,,,,,,,
1023ASHC,10-3-23,ASHC,CT,3,94,,67.11,,,,,,,
1023ASHC,10-3-23,ASHC,CT,3,95,,30.15,,,,,,,
1023ASHC,10-3-23,ASHC,CT,3,96,30.3,,,,,,,,
1023ASHC,10-3-23,ASHC,CT,3,97,32.47,,,,,,,,
1023ASHC,10-3-23,ASHC,CT,3,98,,90.93,,,,,,,
1023ASHC,10-3-23,ASHC,CT,3,99,,,,,,,,,
1023ASHC,10-3-23,ASHC,CT,3,100,,,,,,,,,
1023ASHC,10-3-23,ASHC,CT,4,1,20.5,,,,,,,,
1023ASHC,10-3-23,ASHC,CT,4,2,17.78,,,,,,,,
1023ASHC,10-3-23,ASHC,CT,4,3,49.75,,,,,,,,
1023ASHC,10-3-23,ASHC,CT,4,4,45.06,,,,,,,,
1023ASHC,10-3-23,ASHC,CT,4,5,33.81,,,,,,,,
1023ASHC,10-3-23,ASHC,CT,4,6,71.47,,,,,,,,
1023ASHC,10-3-23,ASHC,CT,4,7,78.82,,,,,,,,
1023ASHC,10-3-23,ASHC,CT,4,8,67.98,,,,,,,,
1023ASHC,10-3-23,ASHC,CT,4,9,,64.19,,,,,,,
1023ASHC,10-3-23,ASHC,CT,4,10,,142.01,,,,,,,
1023ASHC,10-3-23,ASHC,CT,4,11,,95.16,,,,,,,
1023ASHC,10-3-23,ASHC,CT,4,12,,78.84,,,,,,,
1023ASHC,10-3-23,ASHC,CT,4,13,56.83,,,,,,,,
1023ASHC,10-3-23,ASHC,CT,4,14,66.18,,,,,,,,
1023ASHC,10-3-23,ASHC,CT,4,15,61.6,,,,,,,,
1023ASHC,10-3-23,ASHC,CT,4,16,40.91,,,,,,,,
1023ASHC,10-3-23,ASHC,CT,4,17,56.13,,,,,,,,
1023ASHC,10-3-23,ASHC,CT,4,18,,58.81,,,,,,,
1023ASHC,10-3-23,ASHC,CT,4,19,,32.64,,,,,,,
1023ASHC,10-3-23,ASHC,CT,4,20,,85.73,,,,,,,
1023ASHC,10-3-23,ASHC,CT,4,21,,73.77,,,,,,,
1023ASHC,10-3-23,ASHC,CT,4,22,,75.23,,,,,,,
1023ASHC,10-3-23,ASHC,CT,4,23,,98.33,,,,,,,
1023ASHC,10-3-23,ASHC,CT,4,24,,134.79,,,,,,,
1023ASHC,10-3-23,ASHC,CT,4,25,50.12,,,,,,,,
1023ASHC,10-3-23,ASHC,CT,4,26,58.94,,,,,,,,
1023ASHC,10-3-23,ASHC,CT,4,27,50.1,,,,,,,,
1023ASHC,10-3-23,ASHC,CT,4,28,18.11,,,,,,,,
1023ASHC,10-3-23,ASHC,CT,4,29,17.39,,,,,,,,
1023ASHC,10-3-23,ASHC,CT,4,30,,97.46,,,,,,,
1023ASHC,10-3-23,ASHC,CT,4,31,,64.87,,,,,,,
1023ASHC,10-3-23,ASHC,CT,4,32,19.01,,,,,,,,
1023ASHC,10-3-23,ASHC,CT,4,33,,120.53,,,,,,,
1023ASHC,10-3-23,ASHC,CT,4,34,,17.34,,,,,,,
1023ASHC,10-3-23,ASHC,CT,4,35,,92.41,,,,,,,
1023ASHC,10-3-23,ASHC,CT,4,36,60.91,,,,,,,,
1023ASHC,10-3-23,ASHC,CT,4,37,54.78,,,,,,,,
1023ASHC,10-3-23,ASHC,CT,4,38,46.23,,,,,,,,
1023ASHC,10-3-23,ASHC,CT,4,39,21.41,,,,,,,,
1023ASHC,10-3-23,ASHC,CT,4,40,49.79,,,,,,,,
1023ASHC,10-3-23,ASHC,CT,4,41,47.02,,,,,,,,
1023ASHC,10-3-23,ASHC,CT,4,42,,24.47,,,,,,,
1023ASHC,10-3-23,ASHC,CT,4,43,,97.52,,,,,,,
1023ASHC,10-3-23,ASHC,CT,4,44,,80.3,,,,,,,
1023ASHC,10-3-23,ASHC,CT,4,45,,53.58,,,,,,,
1023ASHC,10-3-23,ASHC,CT,4,46,47.05,,,,,,,,
1023ASHC,10-3-23,ASHC,CT,4,47,31.59,,,,,,,,
1023ASHC,10-3-23,ASHC,CT,4,48,22.01,,,,,,,,
1023ASHC,10-3-23,ASHC,CT,4,49,60.54,,,,,,,,
1023ASHC,10-3-23,ASHC,CT,4,50,61.84,,,,,,,,
1023ASHC,10-3-23,ASHC,CT,4,51,,54.18,,,,,,,
1023ASHC,10-3-23,ASHC,CT,4,52,70.47,,,,,,,,
1023ASHC,10-3-23,ASHC,CT,4,53,77.53,,,,,,,,
1023ASHC,10-3-23,ASHC,CT,4,54,53.08,,,,,,,,
1023ASHC,10-3-23,ASHC,CT,4,55,86.19,,,,,,,,
1023ASHC,10-3-23,ASHC,CT,4,56,,,,,,,,,
1023ASHC,10-3-23,ASHC,CT,4,57,,,,,,,,,
1023ASHC,10-3-23,ASHC,CT,4,58,,,,,,,,,
1023ASHC,10-3-23,ASHC,CT,4,59,,,,,,,,,
1023ASHC,10-3-23,ASHC,CT,4,60,,,,,,,,,
1023ASHC,10-3-23,ASHC,CT,4,61,,,,,,,,,
1023ASHC,10-3-23,ASHC,CT,4,62,,,,,,,,,
1023ASHC,10-3-23,ASHC,CT,4,63,,,,,,,,,
1023ASHC,10-3-23,ASHC,CT,4,64,,,,,,,,,
1023ASHC,10-3-23,ASHC,CT,4,65,,,,,,,,,
1023ASHC,10-3-23,ASHC,CT,4,66,,,,,,,,,
1023ASHC,10-3-23,ASHC,CT,4,67,,,,,,,,,
1023ASHC,10-3-23,ASHC,CT,4,68,,,,,,,,,
1023ASHC,10-3-23,ASHC,CT,4,69,,,,,,,,,
1023ASHC,10-3-23,ASHC,CT,4,70,,,,,,,,,
1023ASHC,10-3-23,ASHC,CT,4,71,,,,,,,,,
1023ASHC,10-3-23,ASHC,CT,4,72,,,,,,,,,
1023ASHC,10-3-23,ASHC,CT,4,73,,,,,,,,,
1023ASHC,10-3-23,ASHC,CT,4,74,,,,,,,,,
1023ASHC,10-3-23,ASHC,CT,4,75,,,,,,,,,
1023ASHC,10-3-23,ASHC,CT,4,76,,,,,,,,,
1023ASHC,10-3-23,ASHC,CT,4,77,,,,,,,,,
1023ASHC,10-3-23,ASHC,CT,4,78,,,,,,,,,
1023ASHC,10-3-23,ASHC,CT,4,79,,,,,,,,,
1023ASHC,10-3-23,ASHC,CT,4,80,,,,,,,,,
1023ASHC,10-3-23,ASHC,CT,4,81,,,,,,,,,
1023ASHC,10-3-23,ASHC,CT,4,82,,,,,,,,,
1023ASHC,10-3-23,ASHC,CT,4,83,,,,,,,,,
1023ASHC,10-3-23,ASHC,CT,4,84,,,,,,,,,
1023ASHC,10-3-23,ASHC,CT,4,85,,,,,,,,,
1023ASHC,10-3-23,ASHC,CT,4,86,,,,,,,,,
1023ASHC,10-3-23,ASHC,CT,4,87,,,,,,,,,
1023ASHC,10-3-23,ASHC,CT,4,88,,,,,,,,,
1023ASHC,10-3-23,ASHC,CT,4,89,,,,,,,,,
1023ASHC,10-3-23,ASHC,CT,4,90,,,,,,,,,
1023ASHC,10-3-23,ASHC,CT,4,91,,,,,,,,,
1023ASHC,10-3-23,ASHC,CT,4,92,,,,,,,,,
1023ASHC,10-3-23,ASHC,CT,4,93,,,,,,,,,
1023ASHC,10-3-23,ASHC,CT,4,94,,,,,,,,,
1023ASHC,10-3-23,ASHC,CT,4,95,,,,,,,,,
1023ASHC,10-3-23,ASHC,CT,4,96,,,,,,,,,
1023ASHC,10-3-23,ASHC,CT,4,97,,,,,,,,,
1023ASHC,10-3-23,ASHC,CT,4,98,,,,,,,,,
1023ASHC,10-3-23,ASHC,CT,4,99,,,,,,,,,
1023ASHC,10-3-23,ASHC,CT,4,100,,,,,,,,,
1023ASHC,10-3-23,ASHC,CT,5,1,,81.74,,,,,,,
1023ASHC,10-3-23,ASHC,CT,5,2,,58.19,,,,,,,
1023ASHC,10-3-23,ASHC,CT,5,3,,94.51,,,,,,,
1023ASHC,10-3-23,ASHC,CT,5,4,,56.32,,,,,,,
1023ASHC,10-3-23,ASHC,CT,5,5,,74.67,,,,,,,
1023ASHC,10-3-23,ASHC,CT,5,6,,118.09,,,,,,,
1023ASHC,10-3-23,ASHC,CT,5,7,79.92,,,,,,,,
1023ASHC,10-3-23,ASHC,CT,5,8,22.11,,,,,,,,
1023ASHC,10-3-23,ASHC,CT,5,9,42.62,,,,,,,,
1023ASHC,10-3-23,ASHC,CT,5,10,,99.67,,,,,,,
1023ASHC,10-3-23,ASHC,CT,5,11,,54.58,,,,,,,
1023ASHC,10-3-23,ASHC,CT,5,12,,65.1,,,,,,,
1023ASHC,10-3-23,ASHC,CT,5,13,67.94,,,,,,,,
1023ASHC,10-3-23,ASHC,CT,5,14,68.85,,,,,,,,
1023ASHC,10-3-23,ASHC,CT,5,15,29.72,,,,,,,,
1023ASHC,10-3-23,ASHC,CT,5,16,70.87,,,,,,,,
1023ASHC,10-3-23,ASHC,CT,5,17,109.57,,,,,,,,
1023ASHC,10-3-23,ASHC,CT,5,18,79.52,,,,,,,,
1023ASHC,10-3-23,ASHC,CT,5,19,80.14,,,,,,,,
1023ASHC,10-3-23,ASHC,CT,5,20,57.54,,,,,,,,
1023ASHC,10-3-23,ASHC,CT,5,21,91.4,,,,,,,,
1023ASHC,10-3-23,ASHC,CT,5,22,75.52,,,,,,,,
1023ASHC,10-3-23,ASHC,CT,5,23,,,,,,,,,
1023ASHC,10-3-23,ASHC,CT,5,24,,,,,,,,,
1023ASHC,10-3-23,ASHC,CT,5,25,,,,,,,,,
1023ASHC,10-3-23,ASHC,CT,5,26,,,,,,,,,
1023ASHC,10-3-23,ASHC,CT,5,27,,,,,,,,,
1023ASHC,10-3-23,ASHC,CT,5,28,,,,,,,,,
1023ASHC,10-3-23,ASHC,CT,5,29,,,,,,,,,
1023ASHC,10-3-23,ASHC,CT,5,30,,,,,,,,,
1023ASHC,10-3-23,ASHC,CT,5,31,,,,,,,,,
1023ASHC,10-3-23,ASHC,CT,5,32,,,,,,,,,
1023ASHC,10-3-23,ASHC,CT,5,33,,,,,,,,,
1023ASHC,10-3-23,ASHC,CT,5,34,,,,,,,,,
1023ASHC,10-3-23,ASHC,CT,5,35,,,,,,,,,
1023ASHC,10-3-23,ASHC,CT,5,36,,,,,,,,,
1023ASHC,10-3-23,ASHC,CT,5,37,,,,,,,,,
1023ASHC,10-3-23,ASHC,CT,5,38,,,,,,,,,
1023ASHC,10-3-23,ASHC,CT,5,39,,,,,,,,,
1023ASHC,10-3-23,ASHC,CT,5,40,,,,,,,,,
1023ASHC,10-3-23,ASHC,CT,5,41,,,,,,,,,
1023ASHC,10-3-23,ASHC,CT,5,42,,,,,,,,,
1023ASHC,10-3-23,ASHC,CT,5,43,,,,,,,,,
1023ASHC,10-3-23,ASHC,CT,5,44,,,,,,,,,
1023ASHC,10-3-23,ASHC,CT,5,45,,,,,,,,,
1023ASHC,10-3-23,ASHC,CT,5,46,,,,,,,,,
1023ASHC,10-3-23,ASHC,CT,5,47,,,,,,,,,
1023ASHC,10-3-23,ASHC,CT,5,48,,,,,,,,,
1023ASHC,10-3-23,ASHC,CT,5,49,,,,,,,,,
1023ASHC,10-3-23,ASHC,CT,5,50,,,,,,,,,
1023ASHC,10-3-23,ASHC,CT,5,51,,,,,,,,,
1023ASHC,10-3-23,ASHC,CT,5,52,,,,,,,,,
1023ASHC,10-3-23,ASHC,CT,5,53,,,,,,,,,
1023ASHC,10-3-23,ASHC,CT,5,54,,,,,,,,,
1023ASHC,10-3-23,ASHC,CT,5,55,,,,,,,,,
1023ASHC,10-3-23,ASHC,CT,5,56,,,,,,,,,
1023ASHC,10-3-23,ASHC,CT,5,57,,,,,,,,,
1023ASHC,10-3-23,ASHC,CT,5,58,,,,,,,,,
1023ASHC,10-3-23,ASHC,CT,5,59,,,,,,,,,
1023ASHC,10-3-23,ASHC,CT,5,60,,,,,,,,,
1023ASHC,10-3-23,ASHC,CT,5,61,,,,,,,,,
1023ASHC,10-3-23,ASHC,CT,5,62,,,,,,,,,
1023ASHC,10-3-23,ASHC,CT,5,63,,,,,,,,,
1023ASHC,10-3-23,ASHC,CT,5,64,,,,,,,,,
1023ASHC,10-3-23,ASHC,CT,5,65,,,,,,,,,
1023ASHC,10-3-23,ASHC,CT,5,66,,,,,,,,,
1023ASHC,10-3-23,ASHC,CT,5,67,,,,,,,,,
1023ASHC,10-3-23,ASHC,CT,5,68,,,,,,,,,
1023ASHC,10-3-23,ASHC,CT,5,69,,,,,,,,,
1023ASHC,10-3-23,ASHC,CT,5,70,,,,,,,,,
1023ASHC,10-3-23,ASHC,CT,5,71,,,,,,,,,
1023ASHC,10-3-23,ASHC,CT,5,72,,,,,,,,,
1023ASHC,10-3-23,ASHC,CT,5,73,,,,,,,,,
1023ASHC,10-3-23,ASHC,CT,5,74,,,,,,,,,
1023ASHC,10-3-23,ASHC,CT,5,75,,,,,,,,,
1023ASHC,10-3-23,ASHC,CT,5,76,,,,,,,,,
1023ASHC,10-3-23,ASHC,CT,5,77,,,,,,,,,
1023ASHC,10-3-23,ASHC,CT,5,78,,,,,,,,,
1023ASHC,10-3-23,ASHC,CT,5,79,,,,,,,,,
1023ASHC,10-3-23,ASHC,CT,5,80,,,,,,,,,
1023ASHC,10-3-23,ASHC,CT,5,81,,,,,,,,,
1023ASHC,10-3-23,ASHC,CT,5,82,,,,,,,,,
1023ASHC,10-3-23,ASHC,CT,5,83,,,,,,,,,
1023ASHC,10-3-23,ASHC,CT,5,84,,,,,,,,,
1023ASHC,10-3-23,ASHC,CT,5,85,,,,,,,,,
1023ASHC,10-3-23,ASHC,CT,5,86,,,,,,,,,
1023ASHC,10-3-23,ASHC,CT,5,87,,,,,,,,,
1023ASHC,10-3-23,ASHC,CT,5,88,,,,,,,,,
1023ASHC,10-3-23,ASHC,CT,5,89,,,,,,,,,
1023ASHC,10-3-23,ASHC,CT,5,90,,,,,,,,,
1023ASHC,10-3-23,ASHC,CT,5,91,,,,,,,,,
1023ASHC,10-3-23,ASHC,CT,5,92,,,,,,,,,
1023ASHC,10-3-23,ASHC,CT,5,93,,,,,,,,,
1023ASHC,10-3-23,ASHC,CT,5,94,,,,,,,,,
1023ASHC,10-3-23,ASHC,CT,5,95,,,,,,,,,
1023ASHC,10-3-23,ASHC,CT,5,96,,,,,,,,,
1023ASHC,10-3-23,ASHC,CT,5,97,,,,,,,,,
1023ASHC,10-3-23,ASHC,CT,5,98,,,,,,,,,
1023ASHC,10-3-23,ASHC,CT,5,99,,,,,,,,,
1023ASHC,10-3-23,ASHC,CT,5,100,,,,,,,,,
1023ASHC,10-3-23,ASHC,CT,6,1,59.9,,,,,,,,
1023ASHC,10-3-23,ASHC,CT,6,2,76.66,,,,,,,,
1023ASHC,10-3-23,ASHC,CT,6,3,37.23,,,,,,,,
1023ASHC,10-3-23,ASHC,CT,6,4,18.61,,,,,,,,
1023ASHC,10-3-23,ASHC,CT,6,5,135.91,,,,,,,,
1023ASHC,10-3-23,ASHC,CT,6,6,100.58,,,,,,,,
1023ASHC,10-3-23,ASHC,CT,6,7,69.91,,,,,,,,
1023ASHC,10-3-23,ASHC,CT,6,8,17.38,,,,,,,,
1023ASHC,10-3-23,ASHC,CT,6,9,,67.36,,,,,,,
1023ASHC,10-3-23,ASHC,CT,6,10,,23.24,,,,,,,
1023ASHC,10-3-23,ASHC,CT,6,11,,41.95,,,,,,,
1023ASHC,10-3-23,ASHC,CT,6,12,,93.37,,,,,,,
1023ASHC,10-3-23,ASHC,CT,6,13,,73.88,,,,,,,
1023ASHC,10-3-23,ASHC,CT,6,14,,86.34,,,,,,,
1023ASHC,10-3-23,ASHC,CT,6,15,,120.89,,,,,,,
1023ASHC,10-3-23,ASHC,CT,6,16,50.61,,,,,,,,
1023ASHC,10-3-23,ASHC,CT,6,17,33.55,,,,,,,,
1023ASHC,10-3-23,ASHC,CT,6,18,53.47,,,,,,,,
1023ASHC,10-3-23,ASHC,CT,6,19,13.77,,,,,,,,
1023ASHC,10-3-23,ASHC,CT,6,20,137.16,,,,,,,,
1023ASHC,10-3-23,ASHC,CT,6,21,109.14,,,,,,,,
1023ASHC,10-3-23,ASHC,CT,6,22,119.52,,,,,,,,
1023ASHC,10-3-23,ASHC,CT,6,23,137.96,,,,,,,,
1023ASHC,10-3-23,ASHC,CT,6,24,133.76,,,,,,,,
1023ASHC,10-3-23,ASHC,CT,6,25,38.1,,,,,,,,
1023ASHC,10-3-23,ASHC,CT,6,26,,85.35,,,,,,,
1023ASHC,10-3-23,ASHC,CT,6,27,15.23,,,,,,,,
1023ASHC,10-3-23,ASHC,CT,6,28,21.41,,,,,,,,
1023ASHC,10-3-23,ASHC,CT,6,29,21.41,,,,,,,,
1023ASHC,10-3-23,ASHC,CT,6,30,142.72,,,,,,,,
1023ASHC,10-3-23,ASHC,CT,6,31,85.67,,,,,,,,
1023ASHC,10-3-23,ASHC,CT,6,32,24.15,,,,,,,,
1023ASHC,10-3-23,ASHC,CT,6,33,46.62,,,,,,,,
1023ASHC,10-3-23,ASHC,CT,6,34,87.7,,,,,,,,
1023ASHC,10-3-23,ASHC,CT,6,35,105.81,,,,,,,,
1023ASHC,10-3-23,ASHC,CT,6,36,137.37,,,,,,,,
1023ASHC,10-3-23,ASHC,CT,6,37,32.56,,,,,,,,
1023ASHC,10-3-23,ASHC,CT,6,38,,87.6,,,,,,,
1023ASHC,10-3-23,ASHC,CT,6,39,,134.18,,,,,,,
1023ASHC,10-3-23,ASHC,CT,6,40,,39.81,,,,,,,
1023ASHC,10-3-23,ASHC,CT,6,41,44.83,,,,,,,,
1023ASHC,10-3-23,ASHC,CT,6,42,19.13,,,,,,,,
1023ASHC,10-3-23,ASHC,CT,6,43,23.18,,,,,,,,
1023ASHC,10-3-23,ASHC,CT,6,44,125.06,,,,,,,,
1023ASHC,10-3-23,ASHC,CT,6,45,91.21,,,,,,,,
1023ASHC,10-3-23,ASHC,CT,6,46,41.1,,,,,,,,
1023ASHC,10-3-23,ASHC,CT,6,47,57.46,,,,,,,,
1023ASHC,10-3-23,ASHC,CT,6,48,31.15,,,,,,,,
1023ASHC,10-3-23,ASHC,CT,6,49,17.95,,,,,,,,
1023ASHC,10-3-23,ASHC,CT,6,50,129.39,,,,,,,,
1023ASHC,10-3-23,ASHC,CT,6,51,12.86,,,,,,,,
1023ASHC,10-3-23,ASHC,CT,6,52,69.61,,,,,,,,
1023ASHC,10-3-23,ASHC,CT,6,53,130.74,,,,,,,,
1023ASHC,10-3-23,ASHC,CT,6,54,91.41,,,,,,,,
1023ASHC,10-3-23,ASHC,CT,6,55,129.11,,,,,,,,
1023ASHC,10-3-23,ASHC,CT,6,56,77.21,,,,,,,,
1023ASHC,10-3-23,ASHC,CT,6,57,124.16,,,,,,,,
1023ASHC,10-3-23,ASHC,CT,6,58,,61.68,,,,,,,
1023ASHC,10-3-23,ASHC,CT,6,59,,80.15,,,,,,,
1023ASHC,10-3-23,ASHC,CT,6,60,101.06,,,,,,,,
1023ASHC,10-3-23,ASHC,CT,6,61,,126.4,,,,,,,
1023ASHC,10-3-23,ASHC,CT,6,62,107.68,,,,,,,,
1023ASHC,10-3-23,ASHC,CT,6,63,115.03,,,,,,,,
1023ASHC,10-3-23,ASHC,CT,6,64,25.97,,,,,,,,
1023ASHC,10-3-23,ASHC,CT,6,65,117.64,,,,,,,,
1023ASHC,10-3-23,ASHC,CT,6,66,148.6,,,,,,,,
1023ASHC,10-3-23,ASHC,CT,6,67,36.71,,,,,,,,
1023ASHC,10-3-23,ASHC,CT,6,68,,73.76,,,,,,,
1023ASHC,10-3-23,ASHC,CT,6,69,,63.27,,,,,,,
1023ASHC,10-3-23,ASHC,CT,6,70,13.92,,,,,,,,
1023ASHC,10-3-23,ASHC,CT,6,71,14.01,,,,,,,,
1023ASHC,10-3-23,ASHC,CT,6,72,,8.05,,,,,,,
1023ASHC,10-3-23,ASHC,CT,6,73,,137.26,,,,,,,
1023ASHC,10-3-23,ASHC,CT,6,74,98.92,,,,,,,,
1023ASHC,10-3-23,ASHC,CT,6,75,93.35,,,,,,,,
1023ASHC,10-3-23,ASHC,CT,6,76,56.13,,,,,,,,
1023ASHC,10-3-23,ASHC,CT,6,77,19.96,,,,,,,,
1023ASHC,10-3-23,ASHC,CT,6,78,115.22,,,,,,,,
1023ASHC,10-3-23,ASHC,CT,6,79,66.91,,,,,,,,
1023ASHC,10-3-23,ASHC,CT,6,80,37.04,,,,,,,,
1023ASHC,10-3-23,ASHC,CT,6,81,,54.89,,,,,,,
1023ASHC,10-3-23,ASHC,CT,6,82,,38.14,,,,,,,
1023ASHC,10-3-23,ASHC,CT,6,83,,25.8,,,,,,,
1023ASHC,10-3-23,ASHC,CT,6,84,,114.57,,,,,,,
1023ASHC,10-3-23,ASHC,CT,6,85,,39.18,,,,,,,
1023ASHC,10-3-23,ASHC,CT,6,86,,48,,,,,,,
1023ASHC,10-3-23,ASHC,CT,6,87,,86.56,,,,,,,
1023ASHC,10-3-23,ASHC,CT,6,88,,97.07,,,,,,,
1023ASHC,10-3-23,ASHC,CT,6,89,21.02,,,,,,,,
1023ASHC,10-3-23,ASHC,CT,6,90,66.33,,,,,,,,
1023ASHC,10-3-23,ASHC,CT,6,91,25.43,,,,,,,,
1023ASHC,10-3-23,ASHC,CT,6,92,81.49,,,,,,,,
1023ASHC,10-3-23,ASHC,CT,6,93,16.04,,,,,,,,
1023ASHC,10-3-23,ASHC,CT,6,94,147.62,,,,,,,,
1023ASHC,10-3-23,ASHC,CT,6,95,105.57,,,,,,,,
1023ASHC,10-3-23,ASHC,CT,6,96,78.43,,,,,,,,
1023ASHC,10-3-23,ASHC,CT,6,97,117.86,,,,,,,,
1023ASHC,10-3-23,ASHC,CT,6,98,21.31,,,,,,,,
1023ASHC,10-3-23,ASHC,CT,6,99,20.96,,,,,,,,
1023ASHC,10-3-23,ASHC,CT,6,100,123.84,,,,,,,,
1023ASHC,10-3-23,ASHC,CT,7,1,96.9,,,,,,,,
1023ASHC,10-3-23,ASHC,CT,7,2,135.62,,,,,,,,
1023ASHC,10-3-23,ASHC,CT,7,3,,80.9,,,,,,,
1023ASHC,10-3-23,ASHC,CT,7,4,102.48,,,,,,,,
1023ASHC,10-3-23,ASHC,CT,7,5,,69.15,,,,,,,
1023ASHC,10-3-23,ASHC,CT,7,6,,83.67,,,,,,,
1023ASHC,10-3-23,ASHC,CT,7,7,,108.86,,,,,,,
1023ASHC,10-3-23,ASHC,CT,7,8,117.99,,,,,,,,
1023ASHC,10-3-23,ASHC,CT,7,9,,88.78,,,,,,,
1023ASHC,10-3-23,ASHC,CT,7,10,108.46,,,,,,,,
1023ASHC,10-3-23,ASHC,CT,7,11,19.43,,,,,,,,
1023ASHC,10-3-23,ASHC,CT,7,12,,51.69,,,,,,,
1023ASHC,10-3-23,ASHC,CT,7,13,,53.67,,,,,,,
1023ASHC,10-3-23,ASHC,CT,7,14,67.02,,,,,,,,
1023ASHC,10-3-23,ASHC,CT,7,15,22.43,,,,,,,,
1023ASHC,10-3-23,ASHC,CT,7,16,58.88,,,,,,,,
1023ASHC,10-3-23,ASHC,CT,7,17,92.63,,,,,,,,
1023ASHC,10-3-23,ASHC,CT,7,18,93.8,,,,,,,,
1023ASHC,10-3-23,ASHC,CT,7,19,19.38,,,,,,,,
1023ASHC,10-3-23,ASHC,CT,7,20,56.5,,,,,,,,
1023ASHC,10-3-23,ASHC,CT,7,21,,40.18,,,,,,,
1023ASHC,10-3-23,ASHC,CT,7,22,85.22,,,,,,,,
1023ASHC,10-3-23,ASHC,CT,7,23,62.33,,,,,,,,
1023ASHC,10-3-23,ASHC,CT,7,24,97.92,,,,,,,,
1023ASHC,10-3-23,ASHC,CT,7,25,115.02,,,,,,,,
1023ASHC,10-3-23,ASHC,CT,7,26,122.14,,,,,,,,
1023ASHC,10-3-23,ASHC,CT,7,27,65.06,,,,,,,,
1023ASHC,10-3-23,ASHC,CT,7,28,22.96,,,,,,,,
1023ASHC,10-3-23,ASHC,CT,7,29,138.32,,,,,,,,
1023ASHC,10-3-23,ASHC,CT,7,30,,35.17,,,,,,,
1023ASHC,10-3-23,ASHC,CT,7,31,,101.85,,,,,,,
1023ASHC,10-3-23,ASHC,CT,7,32,14.04,,,,,,,,
1023ASHC,10-3-23,ASHC,CT,7,33,23.73,,,,,,,,
1023ASHC,10-3-23,ASHC,CT,7,34,22.75,,,,,,,,
1023ASHC,10-3-23,ASHC,CT,7,35,20.61,,,,,,,,
1023ASHC,10-3-23,ASHC,CT,7,36,20.6,,,,,,,,
1023ASHC,10-3-23,ASHC,CT,7,37,20.34,,,,,,,,
1023ASHC,10-3-23,ASHC,CT,7,38,17.47,,,,,,,,
1023ASHC,10-3-23,ASHC,CT,7,39,11.3,,,,,,,,
1023ASHC,10-3-23,ASHC,CT,7,40,8.77,,,,,,,,
1023ASHC,10-3-23,ASHC,CT,7,41,,21.19,,,,,,,
1023ASHC,10-3-23,ASHC,CT,7,42,123.72,,,,,,,,
1023ASHC,10-3-23,ASHC,CT,7,43,128.94,,,,,,,,
1023ASHC,10-3-23,ASHC,CT,7,44,,,,,,,,,
1023ASHC,10-3-23,ASHC,CT,7,45,,,,,,,,,
1023ASHC,10-3-23,ASHC,CT,7,46,,,,,,,,,
1023ASHC,10-3-23,ASHC,CT,7,47,,,,,,,,,
1023ASHC,10-3-23,ASHC,CT,7,48,,,,,,,,,
1023ASHC,10-3-23,ASHC,CT,7,49,,,,,,,,,
1023ASHC,10-3-23,ASHC,CT,7,50,,,,,,,,,
1023ASHC,10-3-23,ASHC,CT,7,51,,,,,,,,,
1023ASHC,10-3-23,ASHC,CT,7,52,,,,,,,,,
1023ASHC,10-3-23,ASHC,CT,7,53,,,,,,,,,
1023ASHC,10-3-23,ASHC,CT,7,54,,,,,,,,,
1023ASHC,10-3-23,ASHC,CT,7,55,,,,,,,,,
1023ASHC,10-3-23,ASHC,CT,7,56,,,,,,,,,
1023ASHC,10-3-23,ASHC,CT,7,57,,,,,,,,,
1023ASHC,10-3-23,ASHC,CT,7,58,,,,,,,,,
1023ASHC,10-3-23,ASHC,CT,7,59,,,,,,,,,
1023ASHC,10-3-23,ASHC,CT,7,60,,,,,,,,,
1023ASHC,10-3-23,ASHC,CT,7,61,,,,,,,,,
1023ASHC,10-3-23,ASHC,CT,7,62,,,,,,,,,
1023ASHC,10-3-23,ASHC,CT,7,63,,,,,,,,,
1023ASHC,10-3-23,ASHC,CT,7,64,,,,,,,,,
1023ASHC,10-3-23,ASHC,CT,7,65,,,,,,,,,
1023ASHC,10-3-23,ASHC,CT,7,66,,,,,,,,,
1023ASHC,10-3-23,ASHC,CT,7,67,,,,,,,,,
1023ASHC,10-3-23,ASHC,CT,7,68,,,,,,,,,
1023ASHC,10-3-23,ASHC,CT,7,69,,,,,,,,,
1023ASHC,10-3-23,ASHC,CT,7,70,,,,,,,,,
1023ASHC,10-3-23,ASHC,CT,7,71,,,,,,,,,
1023ASHC,10-3-23,ASHC,CT,7,72,,,,,,,,,
1023ASHC,10-3-23,ASHC,CT,7,73,,,,,,,,,
1023ASHC,10-3-23,ASHC,CT,7,74,,,,,,,,,
1023ASHC,10-3-23,ASHC,CT,7,75,,,,,,,,,
1023ASHC,10-3-23,ASHC,CT,7,76,,,,,,,,,
1023ASHC,10-3-23,ASHC,CT,7,77,,,,,,,,,
1023ASHC,10-3-23,ASHC,CT,7,78,,,,,,,,,
1023ASHC,10-3-23,ASHC,CT,7,79,,,,,,,,,
1023ASHC,10-3-23,ASHC,CT,7,80,,,,,,,,,
1023ASHC,10-3-23,ASHC,CT,7,81,,,,,,,,,
1023ASHC,10-3-23,ASHC,CT,7,82,,,,,,,,,
1023ASHC,10-3-23,ASHC,CT,7,83,,,,,,,,,
1023ASHC,10-3-23,ASHC,CT,7,84,,,,,,,,,
1023ASHC,10-3-23,ASHC,CT,7,85,,,,,,,,,
1023ASHC,10-3-23,ASHC,CT,7,86,,,,,,,,,
1023ASHC,10-3-23,ASHC,CT,7,87,,,,,,,,,
1023ASHC,10-3-23,ASHC,CT,7,88,,,,,,,,,
1023ASHC,10-3-23,ASHC,CT,7,89,,,,,,,,,
1023ASHC,10-3-23,ASHC,CT,7,90,,,,,,,,,
1023ASHC,10-3-23,ASHC,CT,7,91,,,,,,,,,
1023ASHC,10-3-23,ASHC,CT,7,92,,,,,,,,,
1023ASHC,10-3-23,ASHC,CT,7,93,,,,,,,,,
1023ASHC,10-3-23,ASHC,CT,7,94,,,,,,,,,
1023ASHC,10-3-23,ASHC,CT,7,95,,,,,,,,,
1023ASHC,10-3-23,ASHC,CT,7,96,,,,,,,,,
1023ASHC,10-3-23,ASHC,CT,7,97,,,,,,,,,
1023ASHC,10-3-23,ASHC,CT,7,98,,,,,,,,,
1023ASHC,10-3-23,ASHC,CT,7,99,,,,,,,,,
1023ASHC,10-3-23,ASHC,CT,7,100,,,,,,,,,
1023ASHC,10-3-23,ASHC,CT,8,1,,114.78,,,,,,,
1023ASHC,10-3-23,ASHC,CT,8,2,,61.19,,,,,,,
1023ASHC,10-3-23,ASHC,CT,8,3,,90.76,,,,,,,
1023ASHC,10-3-23,ASHC,CT,8,4,,67.55,,,,,,,
1023ASHC,10-3-23,ASHC,CT,8,5,,88.89,,,,,,,
1023ASHC,10-3-23,ASHC,CT,8,6,,54.86,,,,,,,
1023ASHC,10-3-23,ASHC,CT,8,7,,79.75,,,,,,,
1023ASHC,10-3-23,ASHC,CT,8,8,,79.64,,,,,,,
1023ASHC,10-3-23,ASHC,CT,8,9,85.69,,,,,,,,
1023ASHC,10-3-23,ASHC,CT,8,10,127.89,,,,,,,,
1023ASHC,10-3-23,ASHC,CT,8,11,,,,,,,,,
1023ASHC,10-3-23,ASHC,CT,8,12,,,,,,,,,
1023ASHC,10-3-23,ASHC,CT,8,13,,,,,,,,,
1023ASHC,10-3-23,ASHC,CT,8,14,,,,,,,,,
1023ASHC,10-3-23,ASHC,CT,8,15,,,,,,,,,
1023ASHC,10-3-23,ASHC,CT,8,16,,,,,,,,,
1023ASHC,10-3-23,ASHC,CT,8,17,,,,,,,,,
1023ASHC,10-3-23,ASHC,CT,8,18,,,,,,,,,
1023ASHC,10-3-23,ASHC,CT,8,19,,,,,,,,,
1023ASHC,10-3-23,ASHC,CT,8,20,,,,,,,,,
1023ASHC,10-3-23,ASHC,CT,8,21,,,,,,,,,
1023ASHC,10-3-23,ASHC,CT,8,22,,,,,,,,,
1023ASHC,10-3-23,ASHC,CT,8,23,,,,,,,,,
1023ASHC,10-3-23,ASHC,CT,8,24,,,,,,,,,
1023ASHC,10-3-23,ASHC,CT,8,25,,,,,,,,,
1023ASHC,10-3-23,ASHC,CT,8,26,,,,,,,,,
1023ASHC,10-3-23,ASHC,CT,8,27,,,,,,,,,
1023ASHC,10-3-23,ASHC,CT,8,28,,,,,,,,,
1023ASHC,10-3-23,ASHC,CT,8,29,,,,,,,,,
1023ASHC,10-3-23,ASHC,CT,8,30,,,,,,,,,
1023ASHC,10-3-23,ASHC,CT,8,31,,,,,,,,,
1023ASHC,10-3-23,ASHC,CT,8,32,,,,,,,,,
1023ASHC,10-3-23,ASHC,CT,8,33,,,,,,,,,
1023ASHC,10-3-23,ASHC,CT,8,34,,,,,,,,,
1023ASHC,10-3-23,ASHC,CT,8,35,,,,,,,,,
1023ASHC,10-3-23,ASHC,CT,8,36,,,,,,,,,
1023ASHC,10-3-23,ASHC,CT,8,37,,,,,,,,,
1023ASHC,10-3-23,ASHC,CT,8,38,,,,,,,,,
1023ASHC,10-3-23,ASHC,CT,8,39,,,,,,,,,
1023ASHC,10-3-23,ASHC,CT,8,40,,,,,,,,,
1023ASHC,10-3-23,ASHC,CT,8,41,,,,,,,,,
1023ASHC,10-3-23,ASHC,CT,8,42,,,,,,,,,
1023ASHC,10-3-23,ASHC,CT,8,43,,,,,,,,,
1023ASHC,10-3-23,ASHC,CT,8,44,,,,,,,,,
1023ASHC,10-3-23,ASHC,CT,8,45,,,,,,,,,
1023ASHC,10-3-23,ASHC,CT,8,46,,,,,,,,,
1023ASHC,10-3-23,ASHC,CT,8,47,,,,,,,,,
1023ASHC,10-3-23,ASHC,CT,8,48,,,,,,,,,
1023ASHC,10-3-23,ASHC,CT,8,49,,,,,,,,,
1023ASHC,10-3-23,ASHC,CT,8,50,,,,,,,,,
1023ASHC,10-3-23,ASHC,CT,8,51,,,,,,,,,
1023ASHC,10-3-23,ASHC,CT,8,52,,,,,,,,,
1023ASHC,10-3-23,ASHC,CT,8,53,,,,,,,,,
1023ASHC,10-3-23,ASHC,CT,8,54,,,,,,,,,
1023ASHC,10-3-23,ASHC,CT,8,55,,,,,,,,,
1023ASHC,10-3-23,ASHC,CT,8,56,,,,,,,,,
1023ASHC,10-3-23,ASHC,CT,8,57,,,,,,,,,
1023ASHC,10-3-23,ASHC,CT,8,58,,,,,,,,,
1023ASHC,10-3-23,ASHC,CT,8,59,,,,,,,,,
1023ASHC,10-3-23,ASHC,CT,8,60,,,,,,,,,
1023ASHC,10-3-23,ASHC,CT,8,61,,,,,,,,,
1023ASHC,10-3-23,ASHC,CT,8,62,,,,,,,,,
1023ASHC,10-3-23,ASHC,CT,8,63,,,,,,,,,
1023ASHC,10-3-23,ASHC,CT,8,64,,,,,,,,,
1023ASHC,10-3-23,ASHC,CT,8,65,,,,,,,,,
1023ASHC,10-3-23,ASHC,CT,8,66,,,,,,,,,
1023ASHC,10-3-23,ASHC,CT,8,67,,,,,,,,,
1023ASHC,10-3-23,ASHC,CT,8,68,,,,,,,,,
1023ASHC,10-3-23,ASHC,CT,8,69,,,,,,,,,
1023ASHC,10-3-23,ASHC,CT,8,70,,,,,,,,,
1023ASHC,10-3-23,ASHC,CT,8,71,,,,,,,,,
1023ASHC,10-3-23,ASHC,CT,8,72,,,,,,,,,
1023ASHC,10-3-23,ASHC,CT,8,73,,,,,,,,,
1023ASHC,10-3-23,ASHC,CT,8,74,,,,,,,,,
1023ASHC,10-3-23,ASHC,CT,8,75,,,,,,,,,
1023ASHC,10-3-23,ASHC,CT,8,76,,,,,,,,,
1023ASHC,10-3-23,ASHC,CT,8,77,,,,,,,,,
1023ASHC,10-3-23,ASHC,CT,8,78,,,,,,,,,
1023ASHC,10-3-23,ASHC,CT,8,79,,,,,,,,,
1023ASHC,10-3-23,ASHC,CT,8,80,,,,,,,,,
1023ASHC,10-3-23,ASHC,CT,8,81,,,,,,,,,
1023ASHC,10-3-23,ASHC,CT,8,82,,,,,,,,,
1023ASHC,10-3-23,ASHC,CT,8,83,,,,,,,,,
1023ASHC,10-3-23,ASHC,CT,8,84,,,,,,,,,
1023ASHC,10-3-23,ASHC,CT,8,85,,,,,,,,,
1023ASHC,10-3-23,ASHC,CT,8,86,,,,,,,,,
1023ASHC,10-3-23,ASHC,CT,8,87,,,,,,,,,
1023ASHC,10-3-23,ASHC,CT,8,88,,,,,,,,,
1023ASHC,10-3-23,ASHC,CT,8,89,,,,,,,,,
1023ASHC,10-3-23,ASHC,CT,8,90,,,,,,,,,
1023ASHC,10-3-23,ASHC,CT,8,91,,,,,,,,,
1023ASHC,10-3-23,ASHC,CT,8,92,,,,,,,,,
1023ASHC,10-3-23,ASHC,CT,8,93,,,,,,,,,
1023ASHC,10-3-23,ASHC,CT,8,94,,,,,,,,,
1023ASHC,10-3-23,ASHC,CT,8,95,,,,,,,,,
1023ASHC,10-3-23,ASHC,CT,8,96,,,,,,,,,
1023ASHC,10-3-23,ASHC,CT,8,97,,,,,,,,,
1023ASHC,10-3-23,ASHC,CT,8,98,,,,,,,,,
1023ASHC,10-3-23,ASHC,CT,8,99,,,,,,,,,
1023ASHC,10-3-23,ASHC,CT,8,100,,,,,,,,,
1023ASHC,10-3-23,ASHC,CT,9,1,63.64,,,,,,,,
1023ASHC,10-3-23,ASHC,CT,9,2,56.06,,,,,,,,
1023ASHC,10-3-23,ASHC,CT,9,3,,36.64,,,,,,,
1023ASHC,10-3-23,ASHC,CT,9,4,,41.96,,,,,,,
1023ASHC,10-3-23,ASHC,CT,9,5,,33.71,,,,,,,
1023ASHC,10-3-23,ASHC,CT,9,6,,37.02,,,,,,,
1023ASHC,10-3-23,ASHC,CT,9,7,,39.13,,,,,,,
1023ASHC,10-3-23,ASHC,CT,9,8,,44.62,,,,,,,
1023ASHC,10-3-23,ASHC,CT,9,9,,31.7,,,,,,,
1023ASHC,10-3-23,ASHC,CT,9,10,,39.56,,,,,,,
1023ASHC,10-3-23,ASHC,CT,9,11,,29.62,,,,,,,
1023ASHC,10-3-23,ASHC,CT,9,12,24.89,,,,,,,,
1023ASHC,10-3-23,ASHC,CT,9,13,62.64,,,,,,,,
1023ASHC,10-3-23,ASHC,CT,9,14,,13.7,,,,,,,
1023ASHC,10-3-23,ASHC,CT,9,15,,47.51,,,,,,,
1023ASHC,10-3-23,ASHC,CT,9,16,38.85,,,,,,,,
1023ASHC,10-3-23,ASHC,CT,9,17,62,,,,,,,,
1023ASHC,10-3-23,ASHC,CT,9,18,,26.98,,,,,,,
1023ASHC,10-3-23,ASHC,CT,9,19,,57.52,,,,,,,
1023ASHC,10-3-23,ASHC,CT,9,20,,50.22,,,,,,,
1023ASHC,10-3-23,ASHC,CT,9,21,,38.6,,,,,,,
1023ASHC,10-3-23,ASHC,CT,9,22,68.49,,,,,,,,
1023ASHC,10-3-23,ASHC,CT,9,23,46.97,,,,,,,,
1023ASHC,10-3-23,ASHC,CT,9,24,,37.81,,,,,,,
1023ASHC,10-3-23,ASHC,CT,9,25,,,,,,,,,
1023ASHC,10-3-23,ASHC,CT,9,26,,,,,,,,,
1023ASHC,10-3-23,ASHC,CT,9,27,,,,,,,,,
1023ASHC,10-3-23,ASHC,CT,9,28,,,,,,,,,
1023ASHC,10-3-23,ASHC,CT,9,29,,,,,,,,,
1023ASHC,10-3-23,ASHC,CT,9,30,,,,,,,,,
1023ASHC,10-3-23,ASHC,CT,9,31,,,,,,,,,
1023ASHC,10-3-23,ASHC,CT,9,32,,,,,,,,,
1023ASHC,10-3-23,ASHC,CT,9,33,,,,,,,,,
1023ASHC,10-3-23,ASHC,CT,9,34,,,,,,,,,
1023ASHC,10-3-23,ASHC,CT,9,35,,,,,,,,,
1023ASHC,10-3-23,ASHC,CT,9,36,,,,,,,,,
1023ASHC,10-3-23,ASHC,CT,9,37,,,,,,,,,
1023ASHC,10-3-23,ASHC,CT,9,38,,,,,,,,,
1023ASHC,10-3-23,ASHC,CT,9,39,,,,,,,,,
1023ASHC,10-3-23,ASHC,CT,9,40,,,,,,,,,
1023ASHC,10-3-23,ASHC,CT,9,41,,,,,,,,,
1023ASHC,10-3-23,ASHC,CT,9,42,,,,,,,,,
1023ASHC,10-3-23,ASHC,CT,9,43,,,,,,,,,
1023ASHC,10-3-23,ASHC,CT,9,44,,,,,,,,,
1023ASHC,10-3-23,ASHC,CT,9,45,,,,,,,,,
1023ASHC,10-3-23,ASHC,CT,9,46,,,,,,,,,
1023ASHC,10-3-23,ASHC,CT,9,47,,,,,,,,,
1023ASHC,10-3-23,ASHC,CT,9,48,,,,,,,,,
1023ASHC,10-3-23,ASHC,CT,9,49,,,,,,,,,
1023ASHC,10-3-23,ASHC,CT,9,50,,,,,,,,,
1023ASHC,10-3-23,ASHC,CT,9,51,,,,,,,,,
1023ASHC,10-3-23,ASHC,CT,9,52,,,,,,,,,
1023ASHC,10-3-23,ASHC,CT,9,53,,,,,,,,,
1023ASHC,10-3-23,ASHC,CT,9,54,,,,,,,,,
1023ASHC,10-3-23,ASHC,CT,9,55,,,,,,,,,
1023ASHC,10-3-23,ASHC,CT,9,56,,,,,,,,,
1023ASHC,10-3-23,ASHC,CT,9,57,,,,,,,,,
1023ASHC,10-3-23,ASHC,CT,9,58,,,,,,,,,
1023ASHC,10-3-23,ASHC,CT,9,59,,,,,,,,,
1023ASHC,10-3-23,ASHC,CT,9,60,,,,,,,,,
1023ASHC,10-3-23,ASHC,CT,9,61,,,,,,,,,
1023ASHC,10-3-23,ASHC,CT,9,62,,,,,,,,,
1023ASHC,10-3-23,ASHC,CT,9,63,,,,,,,,,
1023ASHC,10-3-23,ASHC,CT,9,64,,,,,,,,,
1023ASHC,10-3-23,ASHC,CT,9,65,,,,,,,,,
1023ASHC,10-3-23,ASHC,CT,9,66,,,,,,,,,
1023ASHC,10-3-23,ASHC,CT,9,67,,,,,,,,,
1023ASHC,10-3-23,ASHC,CT,9,68,,,,,,,,,
1023ASHC,10-3-23,ASHC,CT,9,69,,,,,,,,,
1023ASHC,10-3-23,ASHC,CT,9,70,,,,,,,,,
1023ASHC,10-3-23,ASHC,CT,9,71,,,,,,,,,
1023ASHC,10-3-23,ASHC,CT,9,72,,,,,,,,,
1023ASHC,10-3-23,ASHC,CT,9,73,,,,,,,,,
1023ASHC,10-3-23,ASHC,CT,9,74,,,,,,,,,
1023ASHC,10-3-23,ASHC,CT,9,75,,,,,,,,,
1023ASHC,10-3-23,ASHC,CT,9,76,,,,,,,,,
1023ASHC,10-3-23,ASHC,CT,9,77,,,,,,,,,
1023ASHC,10-3-23,ASHC,CT,9,78,,,,,,,,,
1023ASHC,10-3-23,ASHC,CT,9,79,,,,,,,,,
1023ASHC,10-3-23,ASHC,CT,9,80,,,,,,,,,
1023ASHC,10-3-23,ASHC,CT,9,81,,,,,,,,,
1023ASHC,10-3-23,ASHC,CT,9,82,,,,,,,,,
1023ASHC,10-3-23,ASHC,CT,9,83,,,,,,,,,
1023ASHC,10-3-23,ASHC,CT,9,84,,,,,,,,,
1023ASHC,10-3-23,ASHC,CT,9,85,,,,,,,,,
1023ASHC,10-3-23,ASHC,CT,9,86,,,,,,,,,
1023ASHC,10-3-23,ASHC,CT,9,87,,,,,,,,,
1023ASHC,10-3-23,ASHC,CT,9,88,,,,,,,,,
1023ASHC,10-3-23,ASHC,CT,9,89,,,,,,,,,
1023ASHC,10-3-23,ASHC,CT,9,90,,,,,,,,,
1023ASHC,10-3-23,ASHC,CT,9,91,,,,,,,,,
1023ASHC,10-3-23,ASHC,CT,9,92,,,,,,,,,
1023ASHC,10-3-23,ASHC,CT,9,93,,,,,,,,,
1023ASHC,10-3-23,ASHC,CT,9,94,,,,,,,,,
1023ASHC,10-3-23,ASHC,CT,9,95,,,,,,,,,
1023ASHC,10-3-23,ASHC,CT,9,96,,,,,,,,,
1023ASHC,10-3-23,ASHC,CT,9,97,,,,,,,,,
1023ASHC,10-3-23,ASHC,CT,9,98,,,,,,,,,
1023ASHC,10-3-23,ASHC,CT,9,99,,,,,,,,,
1023ASHC,10-3-23,ASHC,CT,9,100,,,,,,,,,
1023ASHC,10-3-23,ASHC,CT,10,1,,,,,,,,,
1023ASHC,10-3-23,ASHC,CT,10,2,,,,,,,,,
1023ASHC,10-3-23,ASHC,CT,10,3,,,,,,,,,
1023ASHC,10-3-23,ASHC,CT,10,4,,,,,,,,,
1023ASHC,10-3-23,ASHC,CT,10,5,,,,,,,,,
1023ASHC,10-3-23,ASHC,CT,10,6,,,,,,,,,
1023ASHC,10-3-23,ASHC,CT,10,7,,,,,,,,,
1023ASHC,10-3-23,ASHC,CT,10,8,,,,,,,,,
1023ASHC,10-3-23,ASHC,CT,10,9,,,,,,,,,
1023ASHC,10-3-23,ASHC,CT,10,10,,,,,,,,,
1023ASHC,10-3-23,ASHC,CT,10,11,,,,,,,,,
1023ASHC,10-3-23,ASHC,CT,10,12,,,,,,,,,
1023ASHC,10-3-23,ASHC,CT,10,13,,,,,,,,,
1023ASHC,10-3-23,ASHC,CT,10,14,,,,,,,,,
1023ASHC,10-3-23,ASHC,CT,10,15,,,,,,,,,
1023ASHC,10-3-23,ASHC,CT,10,16,,,,,,,,,
1023ASHC,10-3-23,ASHC,CT,10,17,,,,,,,,,
1023ASHC,10-3-23,ASHC,CT,10,18,,,,,,,,,
1023ASHC,10-3-23,ASHC,CT,10,19,,,,,,,,,
1023ASHC,10-3-23,ASHC,CT,10,20,,,,,,,,,
1023ASHC,10-3-23,ASHC,CT,10,21,,,,,,,,,
1023ASHC,10-3-23,ASHC,CT,10,22,,,,,,,,,
1023ASHC,10-3-23,ASHC,CT,10,23,,,,,,,,,
1023ASHC,10-3-23,ASHC,CT,10,24,,,,,,,,,
1023ASHC,10-3-23,ASHC,CT,10,25,,,,,,,,,
1023ASHC,10-3-23,ASHC,CT,10,26,,,,,,,,,
1023ASHC,10-3-23,ASHC,CT,10,27,,,,,,,,,
1023ASHC,10-3-23,ASHC,CT,10,28,,,,,,,,,
1023ASHC,10-3-23,ASHC,CT,10,29,,,,,,,,,
1023ASHC,10-3-23,ASHC,CT,10,30,,,,,,,,,
1023ASHC,10-3-23,ASHC,CT,10,31,,,,,,,,,
1023ASHC,10-3-23,ASHC,CT,10,32,,,,,,,,,
1023ASHC,10-3-23,ASHC,CT,10,33,,,,,,,,,
1023ASHC,10-3-23,ASHC,CT,10,34,,,,,,,,,
1023ASHC,10-3-23,ASHC,CT,10,35,,,,,,,,,
1023ASHC,10-3-23,ASHC,CT,10,36,,,,,,,,,
1023ASHC,10-3-23,ASHC,CT,10,37,,,,,,,,,
1023ASHC,10-3-23,ASHC,CT,10,38,,,,,,,,,
1023ASHC,10-3-23,ASHC,CT,10,39,,,,,,,,,
1023ASHC,10-3-23,ASHC,CT,10,40,,,,,,,,,
1023ASHC,10-3-23,ASHC,CT,10,41,,,,,,,,,
1023ASHC,10-3-23,ASHC,CT,10,42,,,,,,,,,
1023ASHC,10-3-23,ASHC,CT,10,43,,,,,,,,,
1023ASHC,10-3-23,ASHC,CT,10,44,,,,,,,,,
1023ASHC,10-3-23,ASHC,CT,10,45,,,,,,,,,
1023ASHC,10-3-23,ASHC,CT,10,46,,,,,,,,,
1023ASHC,10-3-23,ASHC,CT,10,47,,,,,,,,,
1023ASHC,10-3-23,ASHC,CT,10,48,,,,,,,,,
1023ASHC,10-3-23,ASHC,CT,10,49,,,,,,,,,
1023ASHC,10-3-23,ASHC,CT,10,50,,,,,,,,,
1023ASHC,10-3-23,ASHC,CT,10,51,,,,,,,,,
1023ASHC,10-3-23,ASHC,CT,10,52,,,,,,,,,
1023ASHC,10-3-23,ASHC,CT,10,53,,,,,,,,,
1023ASHC,10-3-23,ASHC,CT,10,54,,,,,,,,,
1023ASHC,10-3-23,ASHC,CT,10,55,,,,,,,,,
1023ASHC,10-3-23,ASHC,CT,10,56,,,,,,,,,
1023ASHC,10-3-23,ASHC,CT,10,57,,,,,,,,,
1023ASHC,10-3-23,ASHC,CT,10,58,,,,,,,,,
1023ASHC,10-3-23,ASHC,CT,10,59,,,,,,,,,
1023ASHC,10-3-23,ASHC,CT,10,60,,,,,,,,,
1023ASHC,10-3-23,ASHC,CT,10,61,,,,,,,,,
1023ASHC,10-3-23,ASHC,CT,10,62,,,,,,,,,
1023ASHC,10-3-23,ASHC,CT,10,63,,,,,,,,,
1023ASHC,10-3-23,ASHC,CT,10,64,,,,,,,,,
1023ASHC,10-3-23,ASHC,CT,10,65,,,,,,,,,
1023ASHC,10-3-23,ASHC,CT,10,66,,,,,,,,,
1023ASHC,10-3-23,ASHC,CT,10,67,,,,,,,,,
1023ASHC,10-3-23,ASHC,CT,10,68,,,,,,,,,
1023ASHC,10-3-23,ASHC,CT,10,69,,,,,,,,,
1023ASHC,10-3-23,ASHC,CT,10,70,,,,,,,,,
1023ASHC,10-3-23,ASHC,CT,10,71,,,,,,,,,
1023ASHC,10-3-23,ASHC,CT,10,72,,,,,,,,,
1023ASHC,10-3-23,ASHC,CT,10,73,,,,,,,,,
1023ASHC,10-3-23,ASHC,CT,10,74,,,,,,,,,
1023ASHC,10-3-23,ASHC,CT,10,75,,,,,,,,,
1023ASHC,10-3-23,ASHC,CT,10,76,,,,,,,,,
1023ASHC,10-3-23,ASHC,CT,10,77,,,,,,,,,
1023ASHC,10-3-23,ASHC,CT,10,78,,,,,,,,,
1023ASHC,10-3-23,ASHC,CT,10,79,,,,,,,,,
1023ASHC,10-3-23,ASHC,CT,10,80,,,,,,,,,
1023ASHC,10-3-23,ASHC,CT,10,81,,,,,,,,,
1023ASHC,10-3-23,ASHC,CT,10,82,,,,,,,,,
1023ASHC,10-3-23,ASHC,CT,10,83,,,,,,,,,
1023ASHC,10-3-23,ASHC,CT,10,84,,,,,,,,,
1023ASHC,10-3-23,ASHC,CT,10,85,,,,,,,,,
1023ASHC,10-3-23,ASHC,CT,10,86,,,,,,,,,
1023ASHC,10-3-23,ASHC,CT,10,87,,,,,,,,,
1023ASHC,10-3-23,ASHC,CT,10,88,,,,,,,,,
1023ASHC,10-3-23,ASHC,CT,10,89,,,,,,,,,
1023ASHC,10-3-23,ASHC,CT,10,90,,,,,,,,,
1023ASHC,10-3-23,ASHC,CT,10,91,,,,,,,,,
1023ASHC,10-3-23,ASHC,CT,10,92,,,,,,,,,
1023ASHC,10-3-23,ASHC,CT,10,93,,,,,,,,,
1023ASHC,10-3-23,ASHC,CT,10,94,,,,,,,,,
1023ASHC,10-3-23,ASHC,CT,10,95,,,,,,,,,
1023ASHC,10-3-23,ASHC,CT,10,96,,,,,,,,,
1023ASHC,10-3-23,ASHC,CT,10,97,,,,,,,,,
1023ASHC,10-3-23,ASHC,CT,10,98,,,,,,,,,
1023ASHC,10-3-23,ASHC,CT,10,99,,,,,,,,,
1023ASHC,10-3-23,ASHC,CT,10,100,,,,,,,,,
1023ASHC,10-3-23,ASHC,CT,11,1,,,,,,,,,
1023ASHC,10-3-23,ASHC,CT,11,2,,,,,,,,,
1023ASHC,10-3-23,ASHC,CT,11,3,,,,,,,,,
1023ASHC,10-3-23,ASHC,CT,11,4,,,,,,,,,
1023ASHC,10-3-23,ASHC,CT,11,5,,,,,,,,,
1023ASHC,10-3-23,ASHC,CT,11,6,,,,,,,,,
1023ASHC,10-3-23,ASHC,CT,11,7,,,,,,,,,
1023ASHC,10-3-23,ASHC,CT,11,8,,,,,,,,,
1023ASHC,10-3-23,ASHC,CT,11,9,,,,,,,,,
1023ASHC,10-3-23,ASHC,CT,11,10,,,,,,,,,
1023ASHC,10-3-23,ASHC,CT,11,11,,,,,,,,,
1023ASHC,10-3-23,ASHC,CT,11,12,,,,,,,,,
1023ASHC,10-3-23,ASHC,CT,11,13,,,,,,,,,
1023ASHC,10-3-23,ASHC,CT,11,14,,,,,,,,,
1023ASHC,10-3-23,ASHC,CT,11,15,,,,,,,,,
1023ASHC,10-3-23,ASHC,CT,11,16,,,,,,,,,
1023ASHC,10-3-23,ASHC,CT,11,17,,,,,,,,,
1023ASHC,10-3-23,ASHC,CT,11,18,,,,,,,,,
1023ASHC,10-3-23,ASHC,CT,11,19,,,,,,,,,
1023ASHC,10-3-23,ASHC,CT,11,20,,,,,,,,,
1023ASHC,10-3-23,ASHC,CT,11,21,,,,,,,,,
1023ASHC,10-3-23,ASHC,CT,11,22,,,,,,,,,
1023ASHC,10-3-23,ASHC,CT,11,23,,,,,,,,,
1023ASHC,10-3-23,ASHC,CT,11,24,,,,,,,,,
1023ASHC,10-3-23,ASHC,CT,11,25,,,,,,,,,
1023ASHC,10-3-23,ASHC,CT,11,26,,,,,,,,,
1023ASHC,10-3-23,ASHC,CT,11,27,,,,,,,,,
1023ASHC,10-3-23,ASHC,CT,11,28,,,,,,,,,
1023ASHC,10-3-23,ASHC,CT,11,29,,,,,,,,,
1023ASHC,10-3-23,ASHC,CT,11,30,,,,,,,,,
1023ASHC,10-3-23,ASHC,CT,11,31,,,,,,,,,
1023ASHC,10-3-23,ASHC,CT,11,32,,,,,,,,,
1023ASHC,10-3-23,ASHC,CT,11,33,,,,,,,,,
1023ASHC,10-3-23,ASHC,CT,11,34,,,,,,,,,
1023ASHC,10-3-23,ASHC,CT,11,35,,,,,,,,,
1023ASHC,10-3-23,ASHC,CT,11,36,,,,,,,,,
1023ASHC,10-3-23,ASHC,CT,11,37,,,,,,,,,
1023ASHC,10-3-23,ASHC,CT,11,38,,,,,,,,,
1023ASHC,10-3-23,ASHC,CT,11,39,,,,,,,,,
1023ASHC,10-3-23,ASHC,CT,11,40,,,,,,,,,
1023ASHC,10-3-23,ASHC,CT,11,41,,,,,,,,,
1023ASHC,10-3-23,ASHC,CT,11,42,,,,,,,,,
1023ASHC,10-3-23,ASHC,CT,11,43,,,,,,,,,
1023ASHC,10-3-23,ASHC,CT,11,44,,,,,,,,,
1023ASHC,10-3-23,ASHC,CT,11,45,,,,,,,,,
1023ASHC,10-3-23,ASHC,CT,11,46,,,,,,,,,
1023ASHC,10-3-23,ASHC,CT,11,47,,,,,,,,,
1023ASHC,10-3-23,ASHC,CT,11,48,,,,,,,,,
1023ASHC,10-3-23,ASHC,CT,11,49,,,,,,,,,
1023ASHC,10-3-23,ASHC,CT,11,50,,,,,,,,,
1023ASHC,10-3-23,ASHC,CT,11,51,,,,,,,,,
1023ASHC,10-3-23,ASHC,CT,11,52,,,,,,,,,
1023ASHC,10-3-23,ASHC,CT,11,53,,,,,,,,,
1023ASHC,10-3-23,ASHC,CT,11,54,,,,,,,,,
1023ASHC,10-3-23,ASHC,CT,11,55,,,,,,,,,
1023ASHC,10-3-23,ASHC,CT,11,56,,,,,,,,,
1023ASHC,10-3-23,ASHC,CT,11,57,,,,,,,,,
1023ASHC,10-3-23,ASHC,CT,11,58,,,,,,,,,
1023ASHC,10-3-23,ASHC,CT,11,59,,,,,,,,,
1023ASHC,10-3-23,ASHC,CT,11,60,,,,,,,,,
1023ASHC,10-3-23,ASHC,CT,11,61,,,,,,,,,
1023ASHC,10-3-23,ASHC,CT,11,62,,,,,,,,,
1023ASHC,10-3-23,ASHC,CT,11,63,,,,,,,,,
1023ASHC,10-3-23,ASHC,CT,11,64,,,,,,,,,
1023ASHC,10-3-23,ASHC,CT,11,65,,,,,,,,,
1023ASHC,10-3-23,ASHC,CT,11,66,,,,,,,,,
1023ASHC,10-3-23,ASHC,CT,11,67,,,,,,,,,
1023ASHC,10-3-23,ASHC,CT,11,68,,,,,,,,,
1023ASHC,10-3-23,ASHC,CT,11,69,,,,,,,,,
1023ASHC,10-3-23,ASHC,CT,11,70,,,,,,,,,
1023ASHC,10-3-23,ASHC,CT,11,71,,,,,,,,,
1023ASHC,10-3-23,ASHC,CT,11,72,,,,,,,,,
1023ASHC,10-3-23,ASHC,CT,11,73,,,,,,,,,
1023ASHC,10-3-23,ASHC,CT,11,74,,,,,,,,,
1023ASHC,10-3-23,ASHC,CT,11,75,,,,,,,,,
1023ASHC,10-3-23,ASHC,CT,11,76,,,,,,,,,
1023ASHC,10-3-23,ASHC,CT,11,77,,,,,,,,,
1023ASHC,10-3-23,ASHC,CT,11,78,,,,,,,,,
1023ASHC,10-3-23,ASHC,CT,11,79,,,,,,,,,
1023ASHC,10-3-23,ASHC,CT,11,80,,,,,,,,,
1023ASHC,10-3-23,ASHC,CT,11,81,,,,,,,,,
1023ASHC,10-3-23,ASHC,CT,11,82,,,,,,,,,
1023ASHC,10-3-23,ASHC,CT,11,83,,,,,,,,,
1023ASHC,10-3-23,ASHC,CT,11,84,,,,,,,,,
1023ASHC,10-3-23,ASHC,CT,11,85,,,,,,,,,
1023ASHC,10-3-23,ASHC,CT,11,86,,,,,,,,,
1023ASHC,10-3-23,ASHC,CT,11,87,,,,,,,,,
1023ASHC,10-3-23,ASHC,CT,11,88,,,,,,,,,
1023ASHC,10-3-23,ASHC,CT,11,89,,,,,,,,,
1023ASHC,10-3-23,ASHC,CT,11,90,,,,,,,,,
1023ASHC,10-3-23,ASHC,CT,11,91,,,,,,,,,
1023ASHC,10-3-23,ASHC,CT,11,92,,,,,,,,,
1023ASHC,10-3-23,ASHC,CT,11,93,,,,,,,,,
1023ASHC,10-3-23,ASHC,CT,11,94,,,,,,,,,
1023ASHC,10-3-23,ASHC,CT,11,95,,,,,,,,,
1023ASHC,10-3-23,ASHC,CT,11,96,,,,,,,,,
1023ASHC,10-3-23,ASHC,CT,11,97,,,,,,,,,
1023ASHC,10-3-23,ASHC,CT,11,98,,,,,,,,,
1023ASHC,10-3-23,ASHC,CT,11,99,,,,,,,,,
1023ASHC,10-3-23,ASHC,CT,11,100,,,,,,,,,
1023ASHC,10-3-23,ASHC,CT,12,1,,,,,,,,,
1023ASHC,10-3-23,ASHC,CT,12,2,,,,,,,,,
1023ASHC,10-3-23,ASHC,CT,12,3,,,,,,,,,
1023ASHC,10-3-23,ASHC,CT,12,4,,,,,,,,,
1023ASHC,10-3-23,ASHC,CT,12,5,,,,,,,,,
1023ASHC,10-3-23,ASHC,CT,12,6,,,,,,,,,
1023ASHC,10-3-23,ASHC,CT,12,7,,,,,,,,,
1023ASHC,10-3-23,ASHC,CT,12,8,,,,,,,,,
1023ASHC,10-3-23,ASHC,CT,12,9,,,,,,,,,
1023ASHC,10-3-23,ASHC,CT,12,10,,,,,,,,,
1023ASHC,10-3-23,ASHC,CT,12,11,,,,,,,,,
1023ASHC,10-3-23,ASHC,CT,12,12,,,,,,,,,
1023ASHC,10-3-23,ASHC,CT,12,13,,,,,,,,,
1023ASHC,10-3-23,ASHC,CT,12,14,,,,,,,,,
1023ASHC,10-3-23,ASHC,CT,12,15,,,,,,,,,
1023ASHC,10-3-23,ASHC,CT,12,16,,,,,,,,,
1023ASHC,10-3-23,ASHC,CT,12,17,,,,,,,,,
1023ASHC,10-3-23,ASHC,CT,12,18,,,,,,,,,
1023ASHC,10-3-23,ASHC,CT,12,19,,,,,,,,,
1023ASHC,10-3-23,ASHC,CT,12,20,,,,,,,,,
1023ASHC,10-3-23,ASHC,CT,12,21,,,,,,,,,
1023ASHC,10-3-23,ASHC,CT,12,22,,,,,,,,,
1023ASHC,10-3-23,ASHC,CT,12,23,,,,,,,,,
1023ASHC,10-3-23,ASHC,CT,12,24,,,,,,,,,
1023ASHC,10-3-23,ASHC,CT,12,25,,,,,,,,,
1023ASHC,10-3-23,ASHC,CT,12,26,,,,,,,,,
1023ASHC,10-3-23,ASHC,CT,12,27,,,,,,,,,
1023ASHC,10-3-23,ASHC,CT,12,28,,,,,,,,,
1023ASHC,10-3-23,ASHC,CT,12,29,,,,,,,,,
1023ASHC,10-3-23,ASHC,CT,12,30,,,,,,,,,
1023ASHC,10-3-23,ASHC,CT,12,31,,,,,,,,,
1023ASHC,10-3-23,ASHC,CT,12,32,,,,,,,,,
1023ASHC,10-3-23,ASHC,CT,12,33,,,,,,,,,
1023ASHC,10-3-23,ASHC,CT,12,34,,,,,,,,,
1023ASHC,10-3-23,ASHC,CT,12,35,,,,,,,,,
1023ASHC,10-3-23,ASHC,CT,12,36,,,,,,,,,
1023ASHC,10-3-23,ASHC,CT,12,37,,,,,,,,,
1023ASHC,10-3-23,ASHC,CT,12,38,,,,,,,,,
1023ASHC,10-3-23,ASHC,CT,12,39,,,,,,,,,
1023ASHC,10-3-23,ASHC,CT,12,40,,,,,,,,,
1023ASHC,10-3-23,ASHC,CT,12,41,,,,,,,,,
1023ASHC,10-3-23,ASHC,CT,12,42,,,,,,,,,
1023ASHC,10-3-23,ASHC,CT,12,43,,,,,,,,,
1023ASHC,10-3-23,ASHC,CT,12,44,,,,,,,,,
1023ASHC,10-3-23,ASHC,CT,12,45,,,,,,,,,
1023ASHC,10-3-23,ASHC,CT,12,46,,,,,,,,,
1023ASHC,10-3-23,ASHC,CT,12,47,,,,,,,,,
1023ASHC,10-3-23,ASHC,CT,12,48,,,,,,,,,
1023ASHC,10-3-23,ASHC,CT,12,49,,,,,,,,,
1023ASHC,10-3-23,ASHC,CT,12,50,,,,,,,,,
1023ASHC,10-3-23,ASHC,CT,12,51,,,,,,,,,
1023ASHC,10-3-23,ASHC,CT,12,52,,,,,,,,,
1023ASHC,10-3-23,ASHC,CT,12,53,,,,,,,,,
1023ASHC,10-3-23,ASHC,CT,12,54,,,,,,,,,
1023ASHC,10-3-23,ASHC,CT,12,55,,,,,,,,,
1023ASHC,10-3-23,ASHC,CT,12,56,,,,,,,,,
1023ASHC,10-3-23,ASHC,CT,12,57,,,,,,,,,
1023ASHC,10-3-23,ASHC,CT,12,58,,,,,,,,,
1023ASHC,10-3-23,ASHC,CT,12,59,,,,,,,,,
1023ASHC,10-3-23,ASHC,CT,12,60,,,,,,,,,
1023ASHC,10-3-23,ASHC,CT,12,61,,,,,,,,,
1023ASHC,10-3-23,ASHC,CT,12,62,,,,,,,,,
1023ASHC,10-3-23,ASHC,CT,12,63,,,,,,,,,
1023ASHC,10-3-23,ASHC,CT,12,64,,,,,,,,,
1023ASHC,10-3-23,ASHC,CT,12,65,,,,,,,,,
1023ASHC,10-3-23,ASHC,CT,12,66,,,,,,,,,
1023ASHC,10-3-23,ASHC,CT,12,67,,,,,,,,,
1023ASHC,10-3-23,ASHC,CT,12,68,,,,,,,,,
1023ASHC,10-3-23,ASHC,CT,12,69,,,,,,,,,
1023ASHC,10-3-23,ASHC,CT,12,70,,,,,,,,,
1023ASHC,10-3-23,ASHC,CT,12,71,,,,,,,,,
1023ASHC,10-3-23,ASHC,CT,12,72,,,,,,,,,
1023ASHC,10-3-23,ASHC,CT,12,73,,,,,,,,,
1023ASHC,10-3-23,ASHC,CT,12,74,,,,,,,,,
1023ASHC,10-3-23,ASHC,CT,12,75,,,,,,,,,
1023ASHC,10-3-23,ASHC,CT,12,76,,,,,,,,,
1023ASHC,10-3-23,ASHC,CT,12,77,,,,,,,,,
1023ASHC,10-3-23,ASHC,CT,12,78,,,,,,,,,
1023ASHC,10-3-23,ASHC,CT,12,79,,,,,,,,,
1023ASHC,10-3-23,ASHC,CT,12,80,,,,,,,,,
1023ASHC,10-3-23,ASHC,CT,12,81,,,,,,,,,
1023ASHC,10-3-23,ASHC,CT,12,82,,,,,,,,,
1023ASHC,10-3-23,ASHC,CT,12,83,,,,,,,,,
1023ASHC,10-3-23,ASHC,CT,12,84,,,,,,,,,
1023ASHC,10-3-23,ASHC,CT,12,85,,,,,,,,,
1023ASHC,10-3-23,ASHC,CT,12,86,,,,,,,,,
1023ASHC,10-3-23,ASHC,CT,12,87,,,,,,,,,
1023ASHC,10-3-23,ASHC,CT,12,88,,,,,,,,,
1023ASHC,10-3-23,ASHC,CT,12,89,,,,,,,,,
1023ASHC,10-3-23,ASHC,CT,12,90,,,,,,,,,
1023ASHC,10-3-23,ASHC,CT,12,91,,,,,,,,,
1023ASHC,10-3-23,ASHC,CT,12,92,,,,,,,,,
1023ASHC,10-3-23,ASHC,CT,12,93,,,,,,,,,
1023ASHC,10-3-23,ASHC,CT,12,94,,,,,,,,,
1023ASHC,10-3-23,ASHC,CT,12,95,,,,,,,,,
1023ASHC,10-3-23,ASHC,CT,12,96,,,,,,,,,
1023ASHC,10-3-23,ASHC,CT,12,97,,,,,,,,,
1023ASHC,10-3-23,ASHC,CT,12,98,,,,,,,,,
1023ASHC,10-3-23,ASHC,CT,12,99,,,,,,,,,
1023ASHC,10-3-23,ASHC,CT,12,100,,,,,,,,,
1023ASHC,10-3-23,ASHC,CT,,,,,,,,,,,
1023ASHC,10-3-23,ASHC,CT,,,,,,,,,,,
1023ASHC,10-3-23,ASHC,CT,,,,,,,,,,,
1023ASHC,10-3-23,ASHC,CT,,,,,,,,,,,
1023ASHC,10-3-23,ASHC,CT,,,,,,,,,,,
1023ASHC,10-3-23,ASHC,CT,,,,,,,,,,,
1023ASHC,10-3-23,ASHC,CT,,,,,,,,,,,
1023ASHC,10-3-23,ASHC,CT,,,,,,,,,,,
1023ASHC,10-3-23,ASHC,CT,,,,,,,,,,,
1023ASHC,10-3-23,ASHC,CT,,,,,,,,,,,
1023ASHC,10-3-23,ASHC,CT,,,,,,,,,,,
1023ASHC,10-3-23,ASHC,CT,,,,,,,,,,,
1023ASHC,10-3-23,ASHC,CT,,,,,,,,,,,
1023ASHC,10-3-23,ASHC,CT,,,,,,,,,,,
1023ASHC,10-3-23,ASHC,CT,,,,,,,,,,,
1023ASHC,10-3-23,ASHC,CT,,,,,,,,,,,
1023ASHC,10-3-23,ASHC,CT,,,,,,,,,,,
1023ASHC,10-3-23,ASHC,CT,,,,,,,,,,,
1023ASHC,10-3-23,ASHC,CT,,,,,,,,,,,
1023ASHC,10-3-23,ASHC,CT,,,,,,,,,,,
1023ASHC,10-3-23,ASHC,CT,,,,,,,,,,,
1023ASHC,10-3-23,ASHC,CT,,,,,,,,,,,
1023ASHC,10-3-23,ASHC,CT,,,,,,,,,,,
1023ASHC,10-3-23,ASHC,CT,,,,,,,,,,,
1023ASHC,10-3-23,ASHC,CT,,,,,,,,,,,
1023ASHC,10-3-23,ASHC,CT,,,,,,,,,,,
1023ASHC,10-3-23,ASHC,CT,,,,,,,,,,,
1023ASHC,10-3-23,ASHC,CT,,,,,,,,,,,
1023ASHC,10-3-23,ASHC,CT,,,,,,,,,,,
1023ASHC,10-3-23,ASHC,CT,,,,,,,,,,,
1023ASHC,10-3-23,ASHC,CT,,,,,,,,,,,
1023ASHC,10-3-23,ASHC,CT,,,,,,,,,,,
1023ASHC,10-3-23,ASHC,CT,,,,,,,,,,,
1023ASHC,10-3-23,ASHC,CT,,,,,,,,,,,
1023ASHC,10-3-23,ASHC,CT,,,,,,,,,,,
1023ASHC,10-3-23,ASHC,CT,,,,,,,,,,,
1023ASHC,10-3-23,ASHC,CT,,,,,,,,,,,
1023ASHC,10-3-23,ASHC,CT,,,,,,,,,,,
1023ASHC,10-3-23,ASHC,CT,,,,,,,,,,,
1023ASHC,10-3-23,ASHC,CT,,,,,,,,,,,
1023ASHC,10-3-23,ASHC,CT,,,,,,,,,,,
1023ASHC,10-3-23,ASHC,CT,,,,,,,,,,,
1023ASHC,10-3-23,ASHC,CT,,,,,,,,,,,
1023ASHC,10-3-23,ASHC,CT,,,,,,,,,,,
1023ASHC,10-3-23,ASHC,CT,,,,,,,,,,,
1023ASHC,10-3-23,ASHC,CT,,,,,,,,,,,
1023ASHC,10-3-23,ASHC,CT,,,,,,,,,,,
1023ASHC,10-3-23,ASHC,CT,,,,,,,,,,,
1023ASHC,10-3-23,ASHC,CT,,,,,,,,,,,
1023ASHC,10-3-23,ASHC,CT,,,,,,,,,,,
1023ASHC,10-3-23,ASHC,CT,,,,,,,,,,,
1023ASHC,10-3-23,ASHC,CT,,,,,,,,,,,
1023ASHC,10-3-23,ASHC,CT,,,,,,,,,,,
1023ASHC,10-3-23,ASHC,CT,,,,,,,,,,,
1023ASHC,10-3-23,ASHC,CT,,,,,,,,,,,
1023ASHC,10-3-23,ASHC,CT,,,,,,,,,,,
1023ASHC,10-3-23,ASHC,CT,,,,,,,,,,,
1023ASHC,10-3-23,ASHC,CT,,,,,,,,,,,
1023ASHC,10-3-23,ASHC,CT,,,,,,,,,,,
1023ASHC,10-3-23,ASHC,CT,,,,,,,,,,,
1023ASHC,10-3-23,ASHC,CT,,,,,,,,,,,
1023ASHC,10-3-23,ASHC,CT,,,,,,,,,,,
1023ASHC,10-3-23,ASHC,CT,,,,,,,,,,,
1023ASHC,10-3-23,ASHC,CT,,,,,,,,,,,
1023ASHC,10-3-23,ASHC,CT,,,,,,,,,,,
1023ASHC,10-3-23,ASHC,CT,,,,,,,,,,,
1023ASHC,10-3-23,ASHC,CT,,,,,,,,,,,
1023ASHC,10-3-23,ASHC,CT,,,,,,,,,,,
1023ASHC,10-3-23,ASHC,CT,,,,,,,,,,,
1023ASHC,10-3-23,ASHC,CT,,,,,,,,,,,
1023ASHC,10-3-23,ASHC,CT,,,,,,,,,,,
1023ASHC,10-3-23,ASHC,CT,,,,,,,,,,,
1023ASHC,10-3-23,ASHC,CT,,,,,,,,,,,
1023ASHC,10-3-23,ASHC,CT,,,,,,,,,,,
1023ASHC,10-3-23,ASHC,CT,,,,,,,,,,,
1023ASHC,10-3-23,ASHC,CT,,,,,,,,,,,
1023ASHC,10-3-23,ASHC,CT,,,,,,,,,,,
1023ASHC,10-3-23,ASHC,CT,,,,,,,,,,,
1023ASHC,10-3-23,ASHC,CT,,,,,,,,,,,
1023ASHC,10-3-23,ASHC,CT,,,,,,,,,,,
1023ASHC,10-3-23,ASHC,CT,,,,,,,,,,,
1023ASHC,10-3-23,ASHC,CT,,,,,,,,,,,
1023ASHC,10-3-23,ASHC,CT,,,,,,,,,,,
1023ASHC,10-3-23,ASHC,CT,,,,,,,,,,,
1023ASHC,10-3-23,ASHC,CT,,,,,,,,,,,
1023ASHC,10-3-23,ASHC,CT,,,,,,,,,,,
1023ASHC,10-3-23,ASHC,CT,,,,,,,,,,,
1023ASHC,10-3-23,ASHC,CT,,,,,,,,,,,
1023ASHC,10-3-23,ASHC,CT,,,,,,,,,,,
1023ASHC,10-3-23,ASHC,CT,,,,,,,,,,,
1023ASHC,10-3-23,ASHC,CT,,,,,,,,,,,
1023ASHC,10-3-23,ASHC,CT,,,,,,,,,,,
1023ASHC,10-3-23,ASHC,CT,,,,,,,,,,,
1023ASHC,10-3-23,ASHC,CT,,,,,,,,,,,
1023ASHC,10-3-23,ASHC,CT,,,,,,,,,,,
1023ASHC,10-3-23,ASHC,CT,,,,,,,,,,,
1023ASHC,10-3-23,ASHC,CT,,,,,,,,,,,
1023ASHC,10-3-23,ASHC,CT,,,,,,,,,,,
1023ASHC,10-3-23,ASHC,CT,,,,,,,,,,,
1023ASHC,10-3-23,ASHC,CT,,,,,,,,,,,
1023ASHC,10-3-23,ASHC,CT,,,,,,,,,,,
1023ASHC,10-3-23,ASHC,CT,,,,,,,,,,,
1023ASHC,10-3-23,ASHC,CT,,,,,,,,,,,
1023ASHC,10-3-23,ASHC,CT,,,,,,,,,,,
1023ASHC,10-3-23,ASHC,CT,,,,,,,,,,,
1023ASHC,10-3-23,ASHC,CT,,,,,,,,,,,
1023ASHC,10-3-23,ASHC,CT,,,,,,,,,,,
1023ASHC,10-3-23,ASHC,CT,,,,,,,,,,,
1023ASHC,10-3-23,ASHC,CT,,,,,,,,,,,
1023ASHC,10-3-23,ASHC,CT,,,,,,,,,,,
1023ASHC,10-3-23,ASHC,CT,,,,,,,,,,,
1023ASHC,10-3-23,ASHC,CT,,,,,,,,,,,
1023ASHC,10-3-23,ASHC,CT,,,,,,,,,,,
1023ASHC,10-3-23,ASHC,CT,,,,,,,,,,,
1023ASHC,10-3-23,ASHC,CT,,,,,,,,,,,
1023ASHC,10-3-23,ASHC,CT,,,,,,,,,,,
1023ASHC,10-3-23,ASHC,CT,,,,,,,,,,,
1023ASHC,10-3-23,ASHC,CT,,,,,,,,,,,
1023ASHC,10-3-23,ASHC,CT,,,,,,,,,,,
1023ASHC,10-3-23,ASHC,CT,,,,,,,,,,,
1023ASHC,10-3-23,ASHC,CT,,,,,,,,,,,
1023ASHC,10-3-23,ASHC,CT,,,,,,,,,,,
1023ASHC,10-3-23,ASHC,CT,,,,,,,,,,,
1023ASHC,10-3-23,ASHC,CT,,,,,,,,,,,
1023ASHC,10-3-23,ASHC,CT,,,,,,,,,,,
1023ASHC,10-3-23,ASHC,CT,,,,,,,,,,,
1023ASHC,10-3-23,ASHC,CT,,,,,,,,,,,
1023ASHC,10-3-23,ASHC,CT,,,,,,,,,,,
1023ASHC,10-3-23,ASHC,CT,,,,,,,,,,,
1023ASHC,10-3-23,ASHC,CT,,,,,,,,,,,
1023ASHC,10-3-23,ASHC,CT,,,,,,,,,,,
1023ASHC,10-3-23,ASHC,CT,,,,,,,,,,,
1023ASHC,10-3-23,ASHC,CT,,,,,,,,,,,
1023ASHC,10-3-23,ASHC,CT,,,,,,,,,,,
1023ASHC,10-3-23,ASHC,CT,,,,,,,,,,,
1023ASHC,10-3-23,ASHC,CT,,,,,,,,,,,
1023ASHC,10-3-23,ASHC,CT,,,,,,,,,,,
1023ASHC,10-3-23,ASHC,CT,,,,,,,,,,,
1023ASHC,10-3-23,ASHC,CT,,,,,,,,,,,
1023ASHC,10-3-23,ASHC,CT,,,,,,,,,,,
1023ASHC,10-3-23,ASHC,CT,,,,,,,,,,,
1023ASHC,10-3-23,ASHC,CT,,,,,,,,,,,
1023ASHC,10-3-23,ASHC,CT,,,,,,,,,,,
1023ASHC,10-3-23,ASHC,CT,,,,,,,,,,,
1023ASHC,10-3-23,ASHC,CT,,,,,,,,,,,
1023ASHC,10-3-23,ASHC,CT,,,,,,,,,,,
1023ASHC,10-3-23,ASHC,CT,,,,,,,,,,,
1023ASHC,10-3-23,ASHC,CT,,,,,,,,,,,
1023ASHC,10-3-23,ASHC,CT,,,,,,,,,,,
1023ASHC,10-3-23,ASHC,CT,,,,,,,,,,,
1023ASHC,10-3-23,ASHC,CT,,,,,,,,,,,
1023ASHC,10-3-23,ASHC,CT,,,,,,,,,,,
1023ASHC,10-3-23,ASHC,CT,,,,,,,,,,,
1023ASHC,10-3-23,ASHC,CT,,,,,,,,,,,
1023ASHC,10-3-23,ASHC,CT,,,,,,,,,,,
1023ASHC,10-3-23,ASHC,CT,,,,,,,,,,,
1023ASHC,10-3-23,ASHC,CT,,,,,,,,,,,
1023ASHC,10-3-23,ASHC,CT,,,,,,,,,,,
1023ASHC,10-3-23,ASHC,CT,,,,,,,,,,,
1023ASHC,10-3-23,ASHC,CT,,,,,,,,,,,
1023ASHC,10-3-23,ASHC,CT,,,,,,,,,,,
1023ASHC,10-3-23,ASHC,CT,,,,,,,,,,,
1023ASHC,10-3-23,ASHC,CT,,,,,,,,,,,
1023ASHC,10-3-23,ASHC,CT,,,,,,,,,,,
1023ASHC,10-3-23,ASHC,CT,,,,,,,,,,,
1023ASHC,10-3-23,ASHC,CT,,,,,,,,,,,
1023ASHC,10-3-23,ASHC,CT,,,,,,,,,,,
1023ASHC,10-3-23,ASHC,CT,,,,,,,,,,,
1023ASHC,10-3-23,ASHC,CT,,,,,,,,,,,
1023ASHC,10-3-23,ASHC,CT,,,,,,,,,,,
1023ASHC,10-3-23,ASHC,CT,,,,,,,,,,,
1023ASHC,10-3-23,ASHC,CT,,,,,,,,,,,
1023ASHC,10-3-23,ASHC,CT,,,,,,,,,,,
1023ASHC,10-3-23,ASHC,CT,,,,,,,,,,,
1023ASHC,10-3-23,ASHC,CT,,,,,,,,,,,
1023ASHC,10-3-23,ASHC,CT,,,,,,,,,,,
1023ASHC,10-3-23,ASHC,CT,,,,,,,,,,,
1023ASHC,10-3-23,ASHC,CT,,,,,,,,,,,
1023ASHC,10-3-23,ASHC,CT,,,,,,,,,,,
1023ASHC,10-3-23,ASHC,CT,,,,,,,,,,,
1023ASHC,10-3-23,ASHC,CT,,,,,,,,,,,
1023ASHC,10-3-23,ASHC,CT,,,,,,,,,,,
1023ASHC,10-3-23,ASHC,CT,,,,,,,,,,,
1023ASHC,10-3-23,ASHC,CT,,,,,,,,,,,
1023ASHC,10-3-23,ASHC,CT,,,,,,,,,,,
1023ASHC,10-3-23,ASHC,CT,,,,,,,,,,,
1023ASHC,10-3-23,ASHC,CT,,,,,,,,,,,
1023ASHC,10-3-23,ASHC,CT,,,,,,,,,,,
1023ASHC,10-3-23,ASHC,CT,,,,,,,,,,,
1023ASHC,10-3-23,ASHC,CT,,,,,,,,,,,
1023ASHC,10-3-23,ASHC,CT,,,,,,,,,,,
1023ASHC,10-3-23,ASHC,CT,,,,,,,,,,,
1023ASHC,10-3-23,ASHC,CT,,,,,,,,,,,
1023ASHC,10-3-23,ASHC,CT,,,,,,,,,,,
1023ASHC,10-3-23,ASHC,CT,,,,,,,,,,,
1023ASHC,10-3-23,ASHC,CT,,,,,,,,,,,
1023ASHC,10-3-23,ASHC,CT,,,,,,,,,,,
1023ASHC,10-3-23,ASHC,CT,,,,,,,,,,,
1023ASHC,10-3-23,ASHC,CT,,,,,,,,,,,
1023ASHC,10-3-23,ASHC,CT,,,,,,,,,,,
1023ASHC,10-3-23,ASHC,CT,,,,,,,,,,,
1023ASHC,10-3-23,ASHC,CT,,,,,,,,,,,
1023ASHC,10-3-23,ASHC,CT,,,,,,,,,,,
1023ASHC,10-3-23,ASHC,CT,,,,,,,,,,,
1023ASHC,10-3-23,ASHC,CT,,,,,,,,,,,
1023ASHC,10-3-23,ASHC,CT,,,,,,,,,,,
1023ASHC,10-3-23,ASHC,CT,,,,,,,,,,,
1023ASHC,10-3-23,ASHC,CT,,,,,,,,,,,
1023ASHC,10-3-23,ASHC,CT,,,,,,,,,,,
1023ASHC,10-3-23,ASHC,CT,,,,,,,,,,,
1023ASHC,10-3-23,ASHC,CT,,,,,,,,,,,
1023ASHC,10-3-23,ASHC,CT,,,,,,,,,,,
1023ASHC,10-3-23,ASHC,CT,,,,,,,,,,,
1023ASHC,10-3-23,ASHC,CT,,,,,,,,,,,
1023ASHC,10-3-23,ASHC,CT,,,,,,,,,,,
1023ASHC,10-3-23,ASHC,CT,,,,,,,,,,,
1023ASHC,10-3-23,ASHC,CT,,,,,,,,,,,
1023ASHC,10-3-23,ASHC,CT,,,,,,,,,,,
1023ASHC,10-3-23,ASHC,CT,,,,,,,,,,,
1023ASHC,10-3-23,ASHC,CT,,,,,,,,,,,
1023ASHC,10-3-23,ASHC,CT,,,,,,,,,,,
1023ASHC,10-3-23,ASHC,CT,,,,,,,,,,,
1023ASHC,10-3-23,ASHC,CT,,,,,,,,,,,
1023ASHC,10-3-23,ASHC,CT,,,,,,,,,,,
1023ASHC,10-3-23,ASHC,CT,,,,,,,,,,,
1023ASHC,10-3-23,ASHC,CT,,,,,,,,,,,
1023ASHC,10-3-23,ASHC,CT,,,,,,,,,,,
1023ASHC,10-3-23,ASHC,CT,,,,,,,,,,,
1023ASHC,10-3-23,ASHC,CT,,,,,,,,,,,
1023ASHC,10-3-23,ASHC,CT,,,,,,,,,,,
1023ASHC,10-3-23,ASHC,CT,,,,,,,,,,,
1023ASHC,10-3-23,ASHC,CT,,,,,,,,,,,
1023ASHC,10-3-23,ASHC,CT,,,,,,,,,,,
1023ASHC,10-3-23,ASHC,CT,,,,,,,,,,,
1023ASHC,10-3-23,ASHC,CT,,,,,,,,,,,
1023ASHC,10-3-23,ASHC,CT,,,,,,,,,,,
1023ASHC,10-3-23,ASHC,CT,,,,,,,,,,,
1023ASHC,10-3-23,ASHC,CT,,,,,,,,,,,
1023ASHC,10-3-23,ASHC,CT,,,,,,,,,,,
1023ASHC,10-3-23,ASHC,CT,,,,,,,,,,,
1023ASHC,10-3-23,ASHC,CT,,,,,,,,,,,
1023ASHC,10-3-23,ASHC,CT,,,,,,,,,,,
1023ASHC,10-3-23,ASHC,CT,,,,,,,,,,,
1023ASHC,10-3-23,ASHC,CT,,,,,,,,,,,
1023ASHC,10-3-23,ASHC,CT,,,,,,,,,,,
1023ASHC,10-3-23,ASHC,CT,,,,,,,,,,,
1023ASHC,10-3-23,ASHC,CT,,,,,,,,,,,
1023ASHC,10-3-23,ASHC,CT,,,,,,,,,,,
1023ASHC,10-3-23,ASHC,CT,,,,,,,,,,,
1023ASHC,10-3-23,ASHC,CT,,,,,,,,,,,
1023ASHC,10-3-23,ASHC,CT,,,,,,,,,,,
1023ASHC,10-3-23,ASHC,CT,,,,,,,,,,,
1023ASHC,10-3-23,ASHC,CT,,,,,,,,,,,
1023ASHC,10-3-23,ASHC,CT,,,,,,,,,,,
1023ASHC,10-3-23,ASHC,CT,,,,,,,,,,,
1023ASHC,10-3-23,ASHC,CT,,,,,,,,,,,
1023ASHC,10-3-23,ASHC,CT,,,,,,,,,,,
1023ASHC,10-3-23,ASHC,CT,,,,,,,,,,,
1023ASHC,10-3-23,ASHC,CT,,,,,,,,,,,
1023ASHC,10-3-23,ASHC,CT,,,,,,,,,,,
1023ASHC,10-3-23,ASHC,CT,,,,,,,,,,,
1023ASHC,10-3-23,ASHC,CT,,,,,,,,,,,
1023ASHC,10-3-23,ASHC,CT,,,,,,,,,,,
1023ASHC,10-3-23,ASHC,CT,,,,,,,,,,,
1023ASHC,10-3-23,ASHC,CT,,,,,,,,,,,
1023ASHC,10-3-23,ASHC,CT,,,,,,,,,,,
1023ASHC,10-3-23,ASHC,CT,,,,,,,,,,,
1023ASHC,10-3-23,ASHC,CT,,,,,,,,,,,
1023ASHC,10-3-23,ASHC,CT,,,,,,,,,,,
1023ASHC,10-3-23,ASHC,CT,,,,,,,,,,,
1023ASHC,10-3-23,ASHC,CT,,,,,,,,,,,
1023ASHC,10-3-23,ASHC,CT,,,,,,,,,,,
1023ASHC,10-3-23,ASHC,CT,,,,,,,,,,,
1023ASHC,10-3-23,ASHC,CT,,,,,,,,,,,
1023ASHC,10-3-23,ASHC,CT,,,,,,,,,,,
1023ASHC,10-3-23,ASHC,CT,,,,,,,,,,,
1023ASHC,10-3-23,ASHC,CT,,,,,,,,,,,
1023ASHC,10-3-23,ASHC,CT,,,,,,,,,,,
1023ASHC,10-3-23,ASHC,CT,,,,,,,,,,,
1023ASHC,10-3-23,ASHC,CT,,,,,,,,,,,
1023ASHC,10-3-23,ASHC,CT,,,,,,,,,,,
1023ASHC,10-3-23,ASHC,CT,,,,,,,,,,,
1023ASHC,10-3-23,ASHC,CT,,,,,,,,,,,
1023ASHC,10-3-23,ASHC,CT,,,,,,,,,,,
1023ASHC,10-3-23,ASHC,CT,,,,,,,,,,,
1023ASHC,10-3-23,ASHC,CT,,,,,,,,,,,
1023ASHC,10-3-23,ASHC,CT,,,,,,,,,,,
1023ASHC,10-3-23,ASHC,CT,,,,,,,,,,,
1023ASHC,10-3-23,ASHC,CT,,,,,,,,,,,
1023ASHC,10-3-23,ASHC,CT,,,,,,,,,,,
1023ASHC,10-3-23,ASHC,CT,,,,,,,,,,,
1023ASHC,10-3-23,ASHC,CT,,,,,,,,,,,
1023ASHC,10-3-23,ASHC,CT,,,,,,,,,,,
1023ASHC,10-3-23,ASHC,CT,,,,,,,,,,,
1023ASHC,10-3-23,ASHC,CT,,,,,,,,,,,
1023ASHC,10-3-23,ASHC,CT,,,,,,,,,,,
1023ASHC,10-3-23,ASHC,CT,,,,,,,,,,,
1023ASHC,10-3-23,ASHC,CT,,,,,,,,,,,
1023ASHC,10-3-23,ASHC,CT,,,,,,,,,,,
