Field ID,Date_collected,Site,State,Quadrat,Count,Height_live,Height_box,Height_gaper
0824GOLD,8/14/2024,GOLD,NY,1,1,,80.46,
0824GOLD,8/14/2024,GOLD,NY,1,2,,39.63,
0824GOLD,8/14/2024,GOLD,NY,1,3,,45.98,
0824GOLD,8/14/2024,GOLD,NY,1,4,,52.5,
0824GOLD,8/14/2024,GOLD,NY,1,5,,28.15,
0824GOLD,8/14/2024,GOLD,NY,1,6,,68.97,
0824GOLD,8/14/2024,GOLD,NY,1,7,90.09,,
0824GOLD,8/14/2024,GOLD,NY,1,8,,75.36,
0824GOLD,8/14/2024,GOLD,NY,1,9,,61.85,
0824GOLD,8/14/2024,GOLD,NY,1,10,,57.67,
0824GOLD,8/14/2024,GOLD,NY,1,11,,48.33,
0824GOLD,8/14/2024,GOLD,NY,1,12,87.54,,
0824GOLD,8/14/2024,GOLD,NY,1,13,,55.83,
0824GOLD,8/14/2024,GOLD,NY,1,14,,,
0824GOLD,8/14/2024,GOLD,NY,1,15,,,
0824GOLD,8/14/2024,GOLD,NY,1,16,,,
0824GOLD,8/14/2024,GOLD,NY,1,17,,,
0824GOLD,8/14/2024,GOLD,NY,1,18,,,
0824GOLD,8/14/2024,GOLD,NY,1,19,,,
0824GOLD,8/14/2024,GOLD,NY,1,20,,,
0824GOLD,8/14/2024,GOLD,NY,1,21,,,
0824GOLD,8/14/2024,GOLD,NY,1,22,,,
0824GOLD,8/14/2024,GOLD,NY,1,23,,,
0824GOLD,8/14/2024,GOLD,NY,1,24,,,
0824GOLD,8/14/2024,GOLD,NY,1,25,,,
0824GOLD,8/14/2024,GOLD,NY,1,26,,,
0824GOLD,8/14/2024,GOLD,NY,1,27,,,
0824GOLD,8/14/2024,GOLD,NY,1,28,,,
0824GOLD,8/14/2024,GOLD,NY,1,29,,,
0824GOLD,8/14/2024,GOLD,NY,1,30,,,
0824GOLD,8/14/2024,GOLD,NY,1,31,,,
0824GOLD,8/14/2024,GOLD,NY,1,32,,,
0824GOLD,8/14/2024,GOLD,NY,1,33,,,
0824GOLD,8/14/2024,GOLD,NY,1,34,,,
0824GOLD,8/14/2024,GOLD,NY,1,35,,,
0824GOLD,8/14/2024,GOLD,NY,1,36,,,
0824GOLD,8/14/2024,GOLD,NY,1,37,,,
0824GOLD,8/14/2024,GOLD,NY,1,38,,,
0824GOLD,8/14/2024,GOLD,NY,1,39,,,
0824GOLD,8/14/2024,GOLD,NY,1,40,,,
0824GOLD,8/14/2024,GOLD,NY,1,41,,,
0824GOLD,8/14/2024,GOLD,NY,1,42,,,
0824GOLD,8/14/2024,GOLD,NY,1,43,,,
0824GOLD,8/14/2024,GOLD,NY,1,44,,,
0824GOLD,8/14/2024,GOLD,NY,1,45,,,
0824GOLD,8/14/2024,GOLD,NY,1,46,,,
0824GOLD,8/14/2024,GOLD,NY,1,47,,,
0824GOLD,8/14/2024,GOLD,NY,1,48,,,
0824GOLD,8/14/2024,GOLD,NY,1,49,,,
0824GOLD,8/14/2024,GOLD,NY,1,50,,,
0824GOLD,8/14/2024,GOLD,NY,1,51,,,
0824GOLD,8/14/2024,GOLD,NY,1,52,,,
0824GOLD,8/14/2024,GOLD,NY,1,53,,,
0824GOLD,8/14/2024,GOLD,NY,1,54,,,
0824GOLD,8/14/2024,GOLD,NY,1,55,,,
0824GOLD,8/14/2024,GOLD,NY,1,56,,,
0824GOLD,8/14/2024,GOLD,NY,1,57,,,
0824GOLD,8/14/2024,GOLD,NY,1,58,,,
0824GOLD,8/14/2024,GOLD,NY,1,59,,,
0824GOLD,8/14/2024,GOLD,NY,1,60,,,
0824GOLD,8/14/2024,GOLD,NY,1,61,,,
0824GOLD,8/14/2024,GOLD,NY,1,62,,,
0824GOLD,8/14/2024,GOLD,NY,1,63,,,
0824GOLD,8/14/2024,GOLD,NY,1,64,,,
0824GOLD,8/14/2024,GOLD,NY,1,65,,,
0824GOLD,8/14/2024,GOLD,NY,1,66,,,
0824GOLD,8/14/2024,GOLD,NY,1,67,,,
0824GOLD,8/14/2024,GOLD,NY,1,68,,,
0824GOLD,8/14/2024,GOLD,NY,1,69,,,
0824GOLD,8/14/2024,GOLD,NY,1,70,,,
0824GOLD,8/14/2024,GOLD,NY,1,71,,,
0824GOLD,8/14/2024,GOLD,NY,1,72,,,
0824GOLD,8/14/2024,GOLD,NY,1,73,,,
0824GOLD,8/14/2024,GOLD,NY,1,74,,,
0824GOLD,8/14/2024,GOLD,NY,1,75,,,
0824GOLD,8/14/2024,GOLD,NY,1,76,,,
0824GOLD,8/14/2024,GOLD,NY,1,77,,,
0824GOLD,8/14/2024,GOLD,NY,1,78,,,
0824GOLD,8/14/2024,GOLD,NY,1,79,,,
0824GOLD,8/14/2024,GOLD,NY,1,80,,,
0824GOLD,8/14/2024,GOLD,NY,1,81,,,
0824GOLD,8/14/2024,GOLD,NY,1,82,,,
0824GOLD,8/14/2024,GOLD,NY,1,83,,,
0824GOLD,8/14/2024,GOLD,NY,1,84,,,
0824GOLD,8/14/2024,GOLD,NY,1,85,,,
0824GOLD,8/14/2024,GOLD,NY,1,86,,,
0824GOLD,8/14/2024,GOLD,NY,1,87,,,
0824GOLD,8/14/2024,GOLD,NY,1,88,,,
0824GOLD,8/14/2024,GOLD,NY,1,89,,,
0824GOLD,8/14/2024,GOLD,NY,1,90,,,
0824GOLD,8/14/2024,GOLD,NY,1,91,,,
0824GOLD,8/14/2024,GOLD,NY,1,92,,,
0824GOLD,8/14/2024,GOLD,NY,1,93,,,
0824GOLD,8/14/2024,GOLD,NY,1,94,,,
0824GOLD,8/14/2024,GOLD,NY,1,95,,,
0824GOLD,8/14/2024,GOLD,NY,1,96,,,
0824GOLD,8/14/2024,GOLD,NY,1,97,,,
0824GOLD,8/14/2024,GOLD,NY,1,98,,,
0824GOLD,8/14/2024,GOLD,NY,1,99,,,
0824GOLD,8/14/2024,GOLD,NY,1,100,,,
0824GOLD,8/14/2024,GOLD,NY,2,1,,95.26,
0824GOLD,8/14/2024,GOLD,NY,2,2,,57.96,
0824GOLD,8/14/2024,GOLD,NY,2,3,,56.32,
0824GOLD,8/14/2024,GOLD,NY,2,4,,57.43,
0824GOLD,8/14/2024,GOLD,NY,2,5,,42.2,
0824GOLD,8/14/2024,GOLD,NY,2,6,,52.6,
0824GOLD,8/14/2024,GOLD,NY,2,7,,61.03,
0824GOLD,8/14/2024,GOLD,NY,2,8,,51.55,
0824GOLD,8/14/2024,GOLD,NY,2,9,,43.38,
0824GOLD,8/14/2024,GOLD,NY,2,10,,62.6,
0824GOLD,8/14/2024,GOLD,NY,2,11,,67.77,
0824GOLD,8/14/2024,GOLD,NY,2,12,,69.93,
0824GOLD,8/14/2024,GOLD,NY,2,13,,41.22,
0824GOLD,8/14/2024,GOLD,NY,2,14,,63.1,
0824GOLD,8/14/2024,GOLD,NY,2,15,,41.2,
0824GOLD,8/14/2024,GOLD,NY,2,16,,54.65,
0824GOLD,8/14/2024,GOLD,NY,2,17,,67.73,
0824GOLD,8/14/2024,GOLD,NY,2,18,95.79,,
0824GOLD,8/14/2024,GOLD,NY,2,19,122.51,,
0824GOLD,8/14/2024,GOLD,NY,2,20,123.18,,
0824GOLD,8/14/2024,GOLD,NY,2,21,92.34,,
0824GOLD,8/14/2024,GOLD,NY,2,22,60.1,,
0824GOLD,8/14/2024,GOLD,NY,2,23,,42.84,
0824GOLD,8/14/2024,GOLD,NY,2,24,,,
0824GOLD,8/14/2024,GOLD,NY,2,25,,,
0824GOLD,8/14/2024,GOLD,NY,2,26,,,
0824GOLD,8/14/2024,GOLD,NY,2,27,,,
0824GOLD,8/14/2024,GOLD,NY,2,28,,,
0824GOLD,8/14/2024,GOLD,NY,2,29,,,
0824GOLD,8/14/2024,GOLD,NY,2,30,,,
0824GOLD,8/14/2024,GOLD,NY,2,31,,,
0824GOLD,8/14/2024,GOLD,NY,2,32,,,
0824GOLD,8/14/2024,GOLD,NY,2,33,,,
0824GOLD,8/14/2024,GOLD,NY,2,34,,,
0824GOLD,8/14/2024,GOLD,NY,2,35,,,
0824GOLD,8/14/2024,GOLD,NY,2,36,,,
0824GOLD,8/14/2024,GOLD,NY,2,37,,,
0824GOLD,8/14/2024,GOLD,NY,2,38,,,
0824GOLD,8/14/2024,GOLD,NY,2,39,,,
0824GOLD,8/14/2024,GOLD,NY,2,40,,,
0824GOLD,8/14/2024,GOLD,NY,2,41,,,
0824GOLD,8/14/2024,GOLD,NY,2,42,,,
0824GOLD,8/14/2024,GOLD,NY,2,43,,,
0824GOLD,8/14/2024,GOLD,NY,2,44,,,
0824GOLD,8/14/2024,GOLD,NY,2,45,,,
0824GOLD,8/14/2024,GOLD,NY,2,46,,,
0824GOLD,8/14/2024,GOLD,NY,2,47,,,
0824GOLD,8/14/2024,GOLD,NY,2,48,,,
0824GOLD,8/14/2024,GOLD,NY,2,49,,,
0824GOLD,8/14/2024,GOLD,NY,2,50,,,
0824GOLD,8/14/2024,GOLD,NY,2,51,,,
0824GOLD,8/14/2024,GOLD,NY,2,52,,,
0824GOLD,8/14/2024,GOLD,NY,2,53,,,
0824GOLD,8/14/2024,GOLD,NY,2,54,,,
0824GOLD,8/14/2024,GOLD,NY,2,55,,,
0824GOLD,8/14/2024,GOLD,NY,2,56,,,
0824GOLD,8/14/2024,GOLD,NY,2,57,,,
0824GOLD,8/14/2024,GOLD,NY,2,58,,,
0824GOLD,8/14/2024,GOLD,NY,2,59,,,
0824GOLD,8/14/2024,GOLD,NY,2,60,,,
0824GOLD,8/14/2024,GOLD,NY,2,61,,,
0824GOLD,8/14/2024,GOLD,NY,2,62,,,
0824GOLD,8/14/2024,GOLD,NY,2,63,,,
0824GOLD,8/14/2024,GOLD,NY,2,64,,,
0824GOLD,8/14/2024,GOLD,NY,2,65,,,
0824GOLD,8/14/2024,GOLD,NY,2,66,,,
0824GOLD,8/14/2024,GOLD,NY,2,67,,,
0824GOLD,8/14/2024,GOLD,NY,2,68,,,
0824GOLD,8/14/2024,GOLD,NY,2,69,,,
0824GOLD,8/14/2024,GOLD,NY,2,70,,,
0824GOLD,8/14/2024,GOLD,NY,2,71,,,
0824GOLD,8/14/2024,GOLD,NY,2,72,,,
0824GOLD,8/14/2024,GOLD,NY,2,73,,,
0824GOLD,8/14/2024,GOLD,NY,2,74,,,
0824GOLD,8/14/2024,GOLD,NY,2,75,,,
0824GOLD,8/14/2024,GOLD,NY,2,76,,,
0824GOLD,8/14/2024,GOLD,NY,2,77,,,
0824GOLD,8/14/2024,GOLD,NY,2,78,,,
0824GOLD,8/14/2024,GOLD,NY,2,79,,,
0824GOLD,8/14/2024,GOLD,NY,2,80,,,
0824GOLD,8/14/2024,GOLD,NY,2,81,,,
0824GOLD,8/14/2024,GOLD,NY,2,82,,,
0824GOLD,8/14/2024,GOLD,NY,2,83,,,
0824GOLD,8/14/2024,GOLD,NY,2,84,,,
0824GOLD,8/14/2024,GOLD,NY,2,85,,,
0824GOLD,8/14/2024,GOLD,NY,2,86,,,
0824GOLD,8/14/2024,GOLD,NY,2,87,,,
0824GOLD,8/14/2024,GOLD,NY,2,88,,,
0824GOLD,8/14/2024,GOLD,NY,2,89,,,
0824GOLD,8/14/2024,GOLD,NY,2,90,,,
0824GOLD,8/14/2024,GOLD,NY,2,91,,,
0824GOLD,8/14/2024,GOLD,NY,2,92,,,
0824GOLD,8/14/2024,GOLD,NY,2,93,,,
0824GOLD,8/14/2024,GOLD,NY,2,94,,,
0824GOLD,8/14/2024,GOLD,NY,2,95,,,
0824GOLD,8/14/2024,GOLD,NY,2,96,,,
0824GOLD,8/14/2024,GOLD,NY,2,97,,,
0824GOLD,8/14/2024,GOLD,NY,2,98,,,
0824GOLD,8/14/2024,GOLD,NY,2,99,,,
0824GOLD,8/14/2024,GOLD,NY,2,100,,,
0824GOLD,8/14/2024,GOLD,NY,3,1,147.69,,
0824GOLD,8/14/2024,GOLD,NY,3,2,135.85,,
0824GOLD,8/14/2024,GOLD,NY,3,3,,69.87,
0824GOLD,8/14/2024,GOLD,NY,3,4,,65,
0824GOLD,8/14/2024,GOLD,NY,3,5,83.68,,
0824GOLD,8/14/2024,GOLD,NY,3,6,90.61,,
0824GOLD,8/14/2024,GOLD,NY,3,7,105.08,,
0824GOLD,8/14/2024,GOLD,NY,3,8,106.97,,
0824GOLD,8/14/2024,GOLD,NY,3,9,123.04,,
0824GOLD,8/14/2024,GOLD,NY,3,10,112.26,,
0824GOLD,8/14/2024,GOLD,NY,3,11,73.56,,
0824GOLD,8/14/2024,GOLD,NY,3,12,107.72,,
0824GOLD,8/14/2024,GOLD,NY,3,13,105.24,,
0824GOLD,8/14/2024,GOLD,NY,3,14,,93.03,
0824GOLD,8/14/2024,GOLD,NY,3,15,,51.98,
0824GOLD,8/14/2024,GOLD,NY,3,16,98.39,,
0824GOLD,8/14/2024,GOLD,NY,3,17,88.57,,
0824GOLD,8/14/2024,GOLD,NY,3,18,93.67,,
0824GOLD,8/14/2024,GOLD,NY,3,19,89.39,,
0824GOLD,8/14/2024,GOLD,NY,3,20,,43.69,
0824GOLD,8/14/2024,GOLD,NY,3,21,,32.38,
0824GOLD,8/14/2024,GOLD,NY,3,22,,24.96,
0824GOLD,8/14/2024,GOLD,NY,3,23,,53.08,
0824GOLD,8/14/2024,GOLD,NY,3,24,,61.5,
0824GOLD,8/14/2024,GOLD,NY,3,25,,47.63,
0824GOLD,8/14/2024,GOLD,NY,3,26,104.89,,
0824GOLD,8/14/2024,GOLD,NY,3,27,82.35,,
0824GOLD,8/14/2024,GOLD,NY,3,28,,74.12,
0824GOLD,8/14/2024,GOLD,NY,3,29,,108.83,
0824GOLD,8/14/2024,GOLD,NY,3,30,,59.3,
0824GOLD,8/14/2024,GOLD,NY,3,31,,,
0824GOLD,8/14/2024,GOLD,NY,3,32,,,
0824GOLD,8/14/2024,GOLD,NY,3,33,,,
0824GOLD,8/14/2024,GOLD,NY,3,34,,,
0824GOLD,8/14/2024,GOLD,NY,3,35,,,
0824GOLD,8/14/2024,GOLD,NY,3,36,,,
0824GOLD,8/14/2024,GOLD,NY,3,37,,,
0824GOLD,8/14/2024,GOLD,NY,3,38,,,
0824GOLD,8/14/2024,GOLD,NY,3,39,,,
0824GOLD,8/14/2024,GOLD,NY,3,40,,,
0824GOLD,8/14/2024,GOLD,NY,3,41,,,
0824GOLD,8/14/2024,GOLD,NY,3,42,,,
0824GOLD,8/14/2024,GOLD,NY,3,43,,,
0824GOLD,8/14/2024,GOLD,NY,3,44,,,
0824GOLD,8/14/2024,GOLD,NY,3,45,,,
0824GOLD,8/14/2024,GOLD,NY,3,46,,,
0824GOLD,8/14/2024,GOLD,NY,3,47,,,
0824GOLD,8/14/2024,GOLD,NY,3,48,,,
0824GOLD,8/14/2024,GOLD,NY,3,49,,,
0824GOLD,8/14/2024,GOLD,NY,3,50,,,
0824GOLD,8/14/2024,GOLD,NY,3,51,,,
0824GOLD,8/14/2024,GOLD,NY,3,52,,,
0824GOLD,8/14/2024,GOLD,NY,3,53,,,
0824GOLD,8/14/2024,GOLD,NY,3,54,,,
0824GOLD,8/14/2024,GOLD,NY,3,55,,,
0824GOLD,8/14/2024,GOLD,NY,3,56,,,
0824GOLD,8/14/2024,GOLD,NY,3,57,,,
0824GOLD,8/14/2024,GOLD,NY,3,58,,,
0824GOLD,8/14/2024,GOLD,NY,3,59,,,
0824GOLD,8/14/2024,GOLD,NY,3,60,,,
0824GOLD,8/14/2024,GOLD,NY,3,61,,,
0824GOLD,8/14/2024,GOLD,NY,3,62,,,
0824GOLD,8/14/2024,GOLD,NY,3,63,,,
0824GOLD,8/14/2024,GOLD,NY,3,64,,,
0824GOLD,8/14/2024,GOLD,NY,3,65,,,
0824GOLD,8/14/2024,GOLD,NY,3,66,,,
0824GOLD,8/14/2024,GOLD,NY,3,67,,,
0824GOLD,8/14/2024,GOLD,NY,3,68,,,
0824GOLD,8/14/2024,GOLD,NY,3,69,,,
0824GOLD,8/14/2024,GOLD,NY,3,70,,,
0824GOLD,8/14/2024,GOLD,NY,3,71,,,
0824GOLD,8/14/2024,GOLD,NY,3,72,,,
0824GOLD,8/14/2024,GOLD,NY,3,73,,,
0824GOLD,8/14/2024,GOLD,NY,3,74,,,
0824GOLD,8/14/2024,GOLD,NY,3,75,,,
0824GOLD,8/14/2024,GOLD,NY,3,76,,,
0824GOLD,8/14/2024,GOLD,NY,3,77,,,
0824GOLD,8/14/2024,GOLD,NY,3,78,,,
0824GOLD,8/14/2024,GOLD,NY,3,79,,,
0824GOLD,8/14/2024,GOLD,NY,3,80,,,
0824GOLD,8/14/2024,GOLD,NY,3,81,,,
0824GOLD,8/14/2024,GOLD,NY,3,82,,,
0824GOLD,8/14/2024,GOLD,NY,3,83,,,
0824GOLD,8/14/2024,GOLD,NY,3,84,,,
0824GOLD,8/14/2024,GOLD,NY,3,85,,,
0824GOLD,8/14/2024,GOLD,NY,3,86,,,
0824GOLD,8/14/2024,GOLD,NY,3,87,,,
0824GOLD,8/14/2024,GOLD,NY,3,88,,,
0824GOLD,8/14/2024,GOLD,NY,3,89,,,
0824GOLD,8/14/2024,GOLD,NY,3,90,,,
0824GOLD,8/14/2024,GOLD,NY,3,91,,,
0824GOLD,8/14/2024,GOLD,NY,3,92,,,
0824GOLD,8/14/2024,GOLD,NY,3,93,,,
0824GOLD,8/14/2024,GOLD,NY,3,94,,,
0824GOLD,8/14/2024,GOLD,NY,3,95,,,
0824GOLD,8/14/2024,GOLD,NY,3,96,,,
0824GOLD,8/14/2024,GOLD,NY,3,97,,,
0824GOLD,8/14/2024,GOLD,NY,3,98,,,
0824GOLD,8/14/2024,GOLD,NY,3,99,,,
0824GOLD,8/14/2024,GOLD,NY,3,100,,,
0824GOLD,8/14/2024,GOLD,NY,4,1,98.91,,
0824GOLD,8/14/2024,GOLD,NY,4,2,111.4,,
0824GOLD,8/14/2024,GOLD,NY,4,3,,42.06,
0824GOLD,8/14/2024,GOLD,NY,4,4,129.68,,
0824GOLD,8/14/2024,GOLD,NY,4,5,63.08,,
0824GOLD,8/14/2024,GOLD,NY,4,6,88.63,,
0824GOLD,8/14/2024,GOLD,NY,4,7,74.06,,
0824GOLD,8/14/2024,GOLD,NY,4,8,91.28,,
0824GOLD,8/14/2024,GOLD,NY,4,9,,96.28,
0824GOLD,8/14/2024,GOLD,NY,4,10,,40.27,
0824GOLD,8/14/2024,GOLD,NY,4,11,,52.22,
0824GOLD,8/14/2024,GOLD,NY,4,12,95.89,,
0824GOLD,8/14/2024,GOLD,NY,4,13,59.53,,
0824GOLD,8/14/2024,GOLD,NY,4,14,118.94,,
0824GOLD,8/14/2024,GOLD,NY,4,15,,76.13,
0824GOLD,8/14/2024,GOLD,NY,4,16,,45.73,
0824GOLD,8/14/2024,GOLD,NY,4,17,123.14,,
0824GOLD,8/14/2024,GOLD,NY,4,18,125.85,,
0824GOLD,8/14/2024,GOLD,NY,4,19,,75.69,
0824GOLD,8/14/2024,GOLD,NY,4,20,,37.97,
0824GOLD,8/14/2024,GOLD,NY,4,21,,43.2,
0824GOLD,8/14/2024,GOLD,NY,4,22,120.45,,
0824GOLD,8/14/2024,GOLD,NY,4,23,,71.8,
0824GOLD,8/14/2024,GOLD,NY,4,24,,53.54,
0824GOLD,8/14/2024,GOLD,NY,4,25,77.47,,
0824GOLD,8/14/2024,GOLD,NY,4,26,136.48,,
0824GOLD,8/14/2024,GOLD,NY,4,27,100.3,,
0824GOLD,8/14/2024,GOLD,NY,4,28,89.16,,
0824GOLD,8/14/2024,GOLD,NY,4,29,35.46,,
0824GOLD,8/14/2024,GOLD,NY,4,30,,46.61,
0824GOLD,8/14/2024,GOLD,NY,4,31,,88.36,
0824GOLD,8/14/2024,GOLD,NY,4,32,,61.06,
0824GOLD,8/14/2024,GOLD,NY,4,33,,63.45,
0824GOLD,8/14/2024,GOLD,NY,4,34,81.34,,
0824GOLD,8/14/2024,GOLD,NY,4,35,104.66,,
0824GOLD,8/14/2024,GOLD,NY,4,36,,61.93,
0824GOLD,8/14/2024,GOLD,NY,4,37,,53.61,
0824GOLD,8/14/2024,GOLD,NY,4,38,,67.6,
0824GOLD,8/14/2024,GOLD,NY,4,39,61.54,,
0824GOLD,8/14/2024,GOLD,NY,4,40,102.19,,
0824GOLD,8/14/2024,GOLD,NY,4,41,99.69,,
0824GOLD,8/14/2024,GOLD,NY,4,42,62.19,,
0824GOLD,8/14/2024,GOLD,NY,4,43,,71.2,
0824GOLD,8/14/2024,GOLD,NY,4,44,59.19,,
0824GOLD,8/14/2024,GOLD,NY,4,45,,100.96,
0824GOLD,8/14/2024,GOLD,NY,4,46,,52.83,
0824GOLD,8/14/2024,GOLD,NY,4,47,129.7,,
0824GOLD,8/14/2024,GOLD,NY,4,48,140.18,,
0824GOLD,8/14/2024,GOLD,NY,4,49,135.61,,
0824GOLD,8/14/2024,GOLD,NY,4,50,,100.98,
0824GOLD,8/14/2024,GOLD,NY,4,51,101.52,,
0824GOLD,8/14/2024,GOLD,NY,4,52,110.86,,
0824GOLD,8/14/2024,GOLD,NY,4,53,124.73,,
0824GOLD,8/14/2024,GOLD,NY,4,54,,56.38,
0824GOLD,8/14/2024,GOLD,NY,4,55,81.39,,
0824GOLD,8/14/2024,GOLD,NY,4,56,68.06,,
0824GOLD,8/14/2024,GOLD,NY,4,57,92.72,,
0824GOLD,8/14/2024,GOLD,NY,4,58,74.22,,
0824GOLD,8/14/2024,GOLD,NY,4,59,74.22,,
0824GOLD,8/14/2024,GOLD,NY,4,60,113.58,,
0824GOLD,8/14/2024,GOLD,NY,4,61,82.91,,
0824GOLD,8/14/2024,GOLD,NY,4,62,,71.19,
0824GOLD,8/14/2024,GOLD,NY,4,63,,75.59,
0824GOLD,8/14/2024,GOLD,NY,4,64,,74.23,
0824GOLD,8/14/2024,GOLD,NY,4,65,,74.23,
0824GOLD,8/14/2024,GOLD,NY,4,66,,45.07,
0824GOLD,8/14/2024,GOLD,NY,4,67,115.11,,
0824GOLD,8/14/2024,GOLD,NY,4,68,63.99,,
0824GOLD,8/14/2024,GOLD,NY,4,69,74.23,,
0824GOLD,8/14/2024,GOLD,NY,4,70,97.06,,
0824GOLD,8/14/2024,GOLD,NY,4,71,91.24,,
0824GOLD,8/14/2024,GOLD,NY,4,72,123.66,,
0824GOLD,8/14/2024,GOLD,NY,4,73,,77.15,
0824GOLD,8/14/2024,GOLD,NY,4,74,,77.51,
0824GOLD,8/14/2024,GOLD,NY,4,75,61.58,,
0824GOLD,8/14/2024,GOLD,NY,4,76,129.62,,
0824GOLD,8/14/2024,GOLD,NY,4,77,,40.99,
0824GOLD,8/14/2024,GOLD,NY,4,78,141.21,,
0824GOLD,8/14/2024,GOLD,NY,4,79,158.44,,
0824GOLD,8/14/2024,GOLD,NY,4,80,,93.64,
0824GOLD,8/14/2024,GOLD,NY,4,81,,90.76,
0824GOLD,8/14/2024,GOLD,NY,4,82,,53.72,
0824GOLD,8/14/2024,GOLD,NY,4,83,,37.06,
0824GOLD,8/14/2024,GOLD,NY,4,84,116.53,,
0824GOLD,8/14/2024,GOLD,NY,4,85,113.41,,
0824GOLD,8/14/2024,GOLD,NY,4,86,,66.39,
0824GOLD,8/14/2024,GOLD,NY,4,87,,57.03,
0824GOLD,8/14/2024,GOLD,NY,4,88,,63.92,
0824GOLD,8/14/2024,GOLD,NY,4,89,,84.76,
0824GOLD,8/14/2024,GOLD,NY,4,90,,33.06,
0824GOLD,8/14/2024,GOLD,NY,4,91,,54.96,
0824GOLD,8/14/2024,GOLD,NY,4,92,118.96,,
0824GOLD,8/14/2024,GOLD,NY,4,93,,104.56,
0824GOLD,8/14/2024,GOLD,NY,4,94,96.63,,
0824GOLD,8/14/2024,GOLD,NY,4,95,135.7,,
0824GOLD,8/14/2024,GOLD,NY,4,96,128.96,,
0824GOLD,8/14/2024,GOLD,NY,4,97,,,
0824GOLD,8/14/2024,GOLD,NY,4,98,,,
0824GOLD,8/14/2024,GOLD,NY,4,99,,,
0824GOLD,8/14/2024,GOLD,NY,4,100,,,
0824GOLD,8/14/2024,GOLD,NY,5,1,71.26,,
0824GOLD,8/14/2024,GOLD,NY,5,2,85.92,,
0824GOLD,8/14/2024,GOLD,NY,5,3,,43.36,
0824GOLD,8/14/2024,GOLD,NY,5,4,114.9,,
0824GOLD,8/14/2024,GOLD,NY,5,5,,48.27,
0824GOLD,8/14/2024,GOLD,NY,5,6,,43.13,
0824GOLD,8/14/2024,GOLD,NY,5,7,,39.84,
0824GOLD,8/14/2024,GOLD,NY,5,8,,27.84,
0824GOLD,8/14/2024,GOLD,NY,5,9,56.11,,
0824GOLD,8/14/2024,GOLD,NY,5,10,115.63,,
0824GOLD,8/14/2024,GOLD,NY,5,11,69.86,,
0824GOLD,8/14/2024,GOLD,NY,5,12,61.46,,
0824GOLD,8/14/2024,GOLD,NY,5,13,,57.22,
0824GOLD,8/14/2024,GOLD,NY,5,14,104.28,,
0824GOLD,8/14/2024,GOLD,NY,5,15,46.35,,
0824GOLD,8/14/2024,GOLD,NY,5,16,,64.69,
0824GOLD,8/14/2024,GOLD,NY,5,17,,68.88,
0824GOLD,8/14/2024,GOLD,NY,5,18,,70.96,
0824GOLD,8/14/2024,GOLD,NY,5,19,,52.24,
0824GOLD,8/14/2024,GOLD,NY,5,20,,61.18,
0824GOLD,8/14/2024,GOLD,NY,5,21,,48.18,
0824GOLD,8/14/2024,GOLD,NY,5,22,,64.35,
0824GOLD,8/14/2024,GOLD,NY,5,23,,45.72,
0824GOLD,8/14/2024,GOLD,NY,5,24,,38.82,
0824GOLD,8/14/2024,GOLD,NY,5,25,81.1,,
0824GOLD,8/14/2024,GOLD,NY,5,26,,33.85,
0824GOLD,8/14/2024,GOLD,NY,5,27,89.42,,
0824GOLD,8/14/2024,GOLD,NY,5,28,88.18,,
0824GOLD,8/14/2024,GOLD,NY,5,29,55.72,,
0824GOLD,8/14/2024,GOLD,NY,5,30,58.23,,
0824GOLD,8/14/2024,GOLD,NY,5,31,112.84,,
0824GOLD,8/14/2024,GOLD,NY,5,32,,,
0824GOLD,8/14/2024,GOLD,NY,5,33,76.87,,
0824GOLD,8/14/2024,GOLD,NY,5,34,102.17,,
0824GOLD,8/14/2024,GOLD,NY,5,35,77.43,,
0824GOLD,8/14/2024,GOLD,NY,5,36,72.38,,
0824GOLD,8/14/2024,GOLD,NY,5,37,57.12,,
0824GOLD,8/14/2024,GOLD,NY,5,38,46.91,,
0824GOLD,8/14/2024,GOLD,NY,5,39,,66.44,
0824GOLD,8/14/2024,GOLD,NY,5,40,,46.82,
0824GOLD,8/14/2024,GOLD,NY,5,41,,64.4,
0824GOLD,8/14/2024,GOLD,NY,5,42,,49.77,
0824GOLD,8/14/2024,GOLD,NY,5,43,72.18,,
0824GOLD,8/14/2024,GOLD,NY,5,44,,49.94,
0824GOLD,8/14/2024,GOLD,NY,5,45,,,
0824GOLD,8/14/2024,GOLD,NY,5,46,74.11,,
0824GOLD,8/14/2024,GOLD,NY,5,47,,56.94,
0824GOLD,8/14/2024,GOLD,NY,5,48,,52.02,
0824GOLD,8/14/2024,GOLD,NY,5,49,,44.61,
0824GOLD,8/14/2024,GOLD,NY,5,50,98,,
0824GOLD,8/14/2024,GOLD,NY,5,51,,53.36,
0824GOLD,8/14/2024,GOLD,NY,5,52,90.96,,
0824GOLD,8/14/2024,GOLD,NY,5,53,,49.8,
0824GOLD,8/14/2024,GOLD,NY,5,54,,53.65,
0824GOLD,8/14/2024,GOLD,NY,5,55,,54.37,
0824GOLD,8/14/2024,GOLD,NY,5,56,,45.53,
0824GOLD,8/14/2024,GOLD,NY,5,57,77.3,,
0824GOLD,8/14/2024,GOLD,NY,5,58,,39.8,
0824GOLD,8/14/2024,GOLD,NY,5,59,,49.2,
0824GOLD,8/14/2024,GOLD,NY,5,60,83.78,,
0824GOLD,8/14/2024,GOLD,NY,5,61,,45.91,
0824GOLD,8/14/2024,GOLD,NY,5,62,,48.58,
0824GOLD,8/14/2024,GOLD,NY,5,63,72.49,,
0824GOLD,8/14/2024,GOLD,NY,5,64,,,
0824GOLD,8/14/2024,GOLD,NY,5,65,,,
0824GOLD,8/14/2024,GOLD,NY,5,66,,,
0824GOLD,8/14/2024,GOLD,NY,5,67,,,
0824GOLD,8/14/2024,GOLD,NY,5,68,,,
0824GOLD,8/14/2024,GOLD,NY,5,69,,,
0824GOLD,8/14/2024,GOLD,NY,5,70,,,
0824GOLD,8/14/2024,GOLD,NY,5,71,,,
0824GOLD,8/14/2024,GOLD,NY,5,72,,,
0824GOLD,8/14/2024,GOLD,NY,5,73,,,
0824GOLD,8/14/2024,GOLD,NY,5,74,,,
0824GOLD,8/14/2024,GOLD,NY,5,75,,,
0824GOLD,8/14/2024,GOLD,NY,5,76,,,
0824GOLD,8/14/2024,GOLD,NY,5,77,,,
0824GOLD,8/14/2024,GOLD,NY,5,78,,,
0824GOLD,8/14/2024,GOLD,NY,5,79,,,
0824GOLD,8/14/2024,GOLD,NY,5,80,,,
0824GOLD,8/14/2024,GOLD,NY,5,81,,,
0824GOLD,8/14/2024,GOLD,NY,5,82,,,
0824GOLD,8/14/2024,GOLD,NY,5,83,,,
0824GOLD,8/14/2024,GOLD,NY,5,84,,,
0824GOLD,8/14/2024,GOLD,NY,5,85,,,
0824GOLD,8/14/2024,GOLD,NY,5,86,,,
0824GOLD,8/14/2024,GOLD,NY,5,87,,,
0824GOLD,8/14/2024,GOLD,NY,5,88,,,
0824GOLD,8/14/2024,GOLD,NY,5,89,,,
0824GOLD,8/14/2024,GOLD,NY,5,90,,,
0824GOLD,8/14/2024,GOLD,NY,5,91,,,
0824GOLD,8/14/2024,GOLD,NY,5,92,,,
0824GOLD,8/14/2024,GOLD,NY,5,93,,,
0824GOLD,8/14/2024,GOLD,NY,5,94,,,
0824GOLD,8/14/2024,GOLD,NY,5,95,,,
0824GOLD,8/14/2024,GOLD,NY,5,96,,,
0824GOLD,8/14/2024,GOLD,NY,5,97,,,
0824GOLD,8/14/2024,GOLD,NY,5,98,,,
0824GOLD,8/14/2024,GOLD,NY,5,99,,,
0824GOLD,8/14/2024,GOLD,NY,5,100,,,
0824GOLD,8/14/2024,GOLD,NY,6,1,140.82,,
0824GOLD,8/14/2024,GOLD,NY,6,2,72.07,,
0824GOLD,8/14/2024,GOLD,NY,6,3,,42.06,
0824GOLD,8/14/2024,GOLD,NY,6,4,,53.59,
0824GOLD,8/14/2024,GOLD,NY,6,5,115.58,,
0824GOLD,8/14/2024,GOLD,NY,6,6,151.76,,
0824GOLD,8/14/2024,GOLD,NY,6,7,,81.01,
0824GOLD,8/14/2024,GOLD,NY,6,8,144.76,,
0824GOLD,8/14/2024,GOLD,NY,6,9,99.38,,
0824GOLD,8/14/2024,GOLD,NY,6,10,95.9,,
0824GOLD,8/14/2024,GOLD,NY,6,11,108.99,,
0824GOLD,8/14/2024,GOLD,NY,6,12,,93.67,
0824GOLD,8/14/2024,GOLD,NY,6,13,,84.31,
0824GOLD,8/14/2024,GOLD,NY,6,14,,42.5,
0824GOLD,8/14/2024,GOLD,NY,6,15,,53.83,
0824GOLD,8/14/2024,GOLD,NY,6,16,,102.79,
0824GOLD,8/14/2024,GOLD,NY,6,17,150.3,,
0824GOLD,8/14/2024,GOLD,NY,6,18,105.27,,
0824GOLD,8/14/2024,GOLD,NY,6,19,,145.2,
0824GOLD,8/14/2024,GOLD,NY,6,20,,47.88,
0824GOLD,8/14/2024,GOLD,NY,6,21,130.76,,
0824GOLD,8/14/2024,GOLD,NY,6,22,142.52,,
0824GOLD,8/14/2024,GOLD,NY,6,23,,124.86,
0824GOLD,8/14/2024,GOLD,NY,6,24,,132.35,
0824GOLD,8/14/2024,GOLD,NY,6,25,,107.16,
0824GOLD,8/14/2024,GOLD,NY,6,26,110.25,,
0824GOLD,8/14/2024,GOLD,NY,6,27,98.15,,
0824GOLD,8/14/2024,GOLD,NY,6,28,,38.65,
0824GOLD,8/14/2024,GOLD,NY,6,29,,66.01,
0824GOLD,8/14/2024,GOLD,NY,6,30,,58.62,
0824GOLD,8/14/2024,GOLD,NY,6,31,169.97,,
0824GOLD,8/14/2024,GOLD,NY,6,32,107.51,,
0824GOLD,8/14/2024,GOLD,NY,6,33,78.14,,
0824GOLD,8/14/2024,GOLD,NY,6,34,113.09,,
0824GOLD,8/14/2024,GOLD,NY,6,35,,89.36,
0824GOLD,8/14/2024,GOLD,NY,6,36,,57.36,
0824GOLD,8/14/2024,GOLD,NY,6,37,,45.14,
0824GOLD,8/14/2024,GOLD,NY,6,38,128.22,,
0824GOLD,8/14/2024,GOLD,NY,6,39,124.57,,
0824GOLD,8/14/2024,GOLD,NY,6,40,130.97,,
0824GOLD,8/14/2024,GOLD,NY,6,41,104.1,,
0824GOLD,8/14/2024,GOLD,NY,6,42,130.99,,
0824GOLD,8/14/2024,GOLD,NY,6,43,,94.87,
0824GOLD,8/14/2024,GOLD,NY,6,44,118.47,,
0824GOLD,8/14/2024,GOLD,NY,6,45,,88.73,
0824GOLD,8/14/2024,GOLD,NY,6,46,,97.72,
0824GOLD,8/14/2024,GOLD,NY,6,47,,97.41,
0824GOLD,8/14/2024,GOLD,NY,6,48,,32.62,
0824GOLD,8/14/2024,GOLD,NY,6,49,110.41,,
0824GOLD,8/14/2024,GOLD,NY,6,50,132.32,,
0824GOLD,8/14/2024,GOLD,NY,6,51,127.57,,
0824GOLD,8/14/2024,GOLD,NY,6,52,121.33,,
0824GOLD,8/14/2024,GOLD,NY,6,53,,79.32,
0824GOLD,8/14/2024,GOLD,NY,6,54,131.22,,
0824GOLD,8/14/2024,GOLD,NY,6,55,121.32,,
0824GOLD,8/14/2024,GOLD,NY,6,56,118.61,,
0824GOLD,8/14/2024,GOLD,NY,6,57,123.21,,
0824GOLD,8/14/2024,GOLD,NY,6,58,88.14,,
0824GOLD,8/14/2024,GOLD,NY,6,59,,90.41,
0824GOLD,8/14/2024,GOLD,NY,6,60,,44.9,
0824GOLD,8/14/2024,GOLD,NY,6,61,112.59,,
0824GOLD,8/14/2024,GOLD,NY,6,62,118.99,,
0824GOLD,8/14/2024,GOLD,NY,6,63,113.16,,
0824GOLD,8/14/2024,GOLD,NY,6,64,,108.17,
0824GOLD,8/14/2024,GOLD,NY,6,65,,97.49,
0824GOLD,8/14/2024,GOLD,NY,6,66,110.2,,
0824GOLD,8/14/2024,GOLD,NY,6,67,,83.39,
0824GOLD,8/14/2024,GOLD,NY,6,68,,94.94,
0824GOLD,8/14/2024,GOLD,NY,6,69,110.5,,
0824GOLD,8/14/2024,GOLD,NY,6,70,,61.04,
0824GOLD,8/14/2024,GOLD,NY,6,71,,90.44,
0824GOLD,8/14/2024,GOLD,NY,6,72,129.4,,
0824GOLD,8/14/2024,GOLD,NY,6,73,,86.94,
0824GOLD,8/14/2024,GOLD,NY,6,74,156.9,,
0824GOLD,8/14/2024,GOLD,NY,6,75,128.63,,
0824GOLD,8/14/2024,GOLD,NY,6,76,117.05,,
0824GOLD,8/14/2024,GOLD,NY,6,77,,46.88,
0824GOLD,8/14/2024,GOLD,NY,6,78,128.48,,
0824GOLD,8/14/2024,GOLD,NY,6,79,,60.7,
0824GOLD,8/14/2024,GOLD,NY,6,80,75.57,,
0824GOLD,8/14/2024,GOLD,NY,6,81,102.32,,
0824GOLD,8/14/2024,GOLD,NY,6,82,97.56,,
0824GOLD,8/14/2024,GOLD,NY,6,83,,52.7,
0824GOLD,8/14/2024,GOLD,NY,6,84,,81.61,
0824GOLD,8/14/2024,GOLD,NY,6,85,,70.77,
0824GOLD,8/14/2024,GOLD,NY,6,86,156.38,,
0824GOLD,8/14/2024,GOLD,NY,6,87,97.51,,
0824GOLD,8/14/2024,GOLD,NY,6,88,115.44,,
0824GOLD,8/14/2024,GOLD,NY,6,89,133.72,,
0824GOLD,8/14/2024,GOLD,NY,6,90,101.21,,
0824GOLD,8/14/2024,GOLD,NY,6,91,138.55,,
0824GOLD,8/14/2024,GOLD,NY,6,92,62.57,,
0824GOLD,8/14/2024,GOLD,NY,6,93,,68.03,
0824GOLD,8/14/2024,GOLD,NY,6,94,,91.37,
0824GOLD,8/14/2024,GOLD,NY,6,95,,63.51,
0824GOLD,8/14/2024,GOLD,NY,6,96,,73.02,
0824GOLD,8/14/2024,GOLD,NY,6,97,158.96,,
0824GOLD,8/14/2024,GOLD,NY,6,98,57.39,,
0824GOLD,8/14/2024,GOLD,NY,6,99,116.31,,
0824GOLD,8/14/2024,GOLD,NY,6,100,,,
